TotalRequired,  100
t_hold_target,  450
T_Hold_Lev,  1000


74,78 8
74,78 51 
125,53 100 
125,53 51 
139,95 1
139,95 2
139,95 2
139,95 60 
11584,92 61 
12221,09 63 
12233,57 60 
13377,9 61 
13445,9 63 
13467,43 60 
13829,82 111 
15227,56 114 
15265,87 60 
15787,04 111 
15899,56 114 
15933,46 60 
22203,79 111 
22310,69 114 
22346,97 60 
24000,13 111 
24296,6 114 
24329,48 60 
45047,46 111 
45151,52 114 
45189,18 60 
45787 111 
46288,19 114 
46323,03 60 
71254,39 112 
71353,93 114 
71397,05 60 
71944,89 112 
72398,31 114 
72430,83 60 
103765,89 61 
104785,78 62 
105044,08 64 
105421,35 121 
105942,72 125 
106419,93 137 
106480,94 65 
107015,2 144 
107016,88 144 
107018,74 144 
107495,49 101 
107496,98 100 
107496,98 51 
107535,59 1
107535,59 1
107535,59 2
107535,59 60 
109262,78 111 
109414,05 114 
109451,06 60 
109829,5 111 
110361,34 114 
110400,91 60 
111528,6 61 
112550,67 62 
113330,77 64 
113629,48 121 
114168,85 125 
114413,56 137 
114679,45 65 
115245,67 144 
115247,19 144 
115249,74 144 
115707,41 101 
115708,77 100 
115708,77 51 
115750,16 2
115750,16 1
115750,16 2
115750,16 60 
117522,66 111 
118628,42 114 
118664,81 60 
119187,12 61 
120183,82 63 
120198,64 60 
120615,5 112 
120937,58 114 
120980,71 60 
121233,12 61 
122247,4 62 
122731,16 64 
131698,83 121 
132215,68 125 
132725,26 66 
133278,56 144 
133280,99 144 
133751,14 101 
133752,54 100 
133752,54 51 
133776,74 1
133776,74 2
133776,74 1
133776,74 60 
133782,74 111 
133864,28 114 
133894,39 60 
133930,59 112 
133985,28 114 
134009,78 60 
176965,17 61 
177978,12 62 
185895,03 64 
187986,21 252 
187986,21 101 
187988,03 100 
187988,03 51 
188008,52 1
188008,52 2
188008,52 1
188008,52 60 
215793,08 111 
215875,05 114 
215900,39 60 
216442,61 111 
216525,26 114 
216549,11 60 
254289,25 111 
255204,59 114 
255253,22 60 
343346,87 61 
344356,84 62 
345741,45 64 
346219,17 122 
346793,2 125 
346926,56 137 
347304,5 66 
347856,56 144 
347858,56 144 
347859,58 144 
348331,82 101 
348333,15 100 
348333,15 51 
348372,65 1
348372,65 2
348372,65 2
348372,65 60 
348493,77 61 
349507,55 62 
350401,63 64 
359513,41 252 
359513,41 101 
359515,46 100 
359515,46 51 
359535,62 1
359535,62 2
359535,62 2
359535,62 60 
392972,01 111 
393062,65 114 
393107,35 60 
393298,8 111 
393610,73 114 
393657,59 60 
393990,14 111 
394094,56 114 
394124,42 60 
394999,12 112 
395079,88 114 
395123,73 60 
510150 61 
511169,19 62 
511692,98 64 
512013,53 121 
512586,91 125 
513100,85 65 
513652,15 144 
513653,84 144 
514125,83 101 
514126,97 100 
514126,97 51 
514151,41 1
514151,41 2
514151,41 1
514151,41 60 
514157,34 111 
515757,8 114 
515800,58 60 
516211,76 111 
517118,38 114 
517150,24 60 
518373,44 61 
519386,18 62 
520100,56 64 
520553,04 122 
521058,66 125 
521193,52 137 
521580,35 66 
522110,62 144 
522112,38 144 
522113,47 144 
522565,21 141 
522596,65 101 
522597,92 100 
522597,92 51 
522615,42 1
522615,42 2
522615,42 2
522615,42 60 
522648,71 111 
523367,81 114 
523398,33 60 
523604,17 61 
524453,29 63 
524464,96 60 
524969,76 113 
525033,19 114 
525064,15 60 
525303,54 61 
526313,88 62 
526742,59 64 
527123,24 123 
527654,12 125 
528175,95 66 
528192,25 137 
528726,23 144 
528727,69 144 
528728,8 144 
529206,68 101 
529207,97 100 
529207,97 51 
529246,34 1
529246,34 2
529246,34 2
529246,34 60 
529420,48 61 
530431,39 62 
530912,55 64 
531422,85 122 
531979,16 125 
532003,92 137 
532492,77 66 
533040,4 144 
533042,09 144 
533043,52 144 
533520,44 101 
533521,76 100 
533521,76 51 
533561,44 2
533561,44 2
533561,44 2
533561,44 60 
534585,41 111 
535479,68 114 
535527,43 60 
536836,59 61 
537845,21 62 
538274,21 64 
538704,13 121 
539233,34 125 
539755,56 66 
540022,65 137 
540304,63 144 
540306,33 144 
540308,19 144 
540785,55 101 
540786,8 100 
540786,8 51 
540827,06 1
540827,06 2
540827,06 2
540827,06 60 
541278,29 61 
542292,4 62 
544261,53 64 
544839,42 121 
545365,38 125 
545888,61 65 
546442,87 144 
546445,15 144 
546915,42 101 
546916,69 100 
546916,69 51 
546940,36 1
546940,36 2
546940,36 2
546940,36 60 
546947,09 111 
547725,89 114 
547773,46 60 
548237,89 61 
549257,38 62 
549421,4 64 
549800,84 121 
550369,15 125 
550721,17 137 
550885,54 65 
551434,18 144 
551435,95 144 
551437,23 144 
551914,36 101 
551915,61 100 
551915,61 51 
551955,48 2
551955,48 1
551955,48 2
551955,48 60 
552152,3 61 
553170,84 62 
553335,07 64 
553794,75 121 
554328,49 125 
554850,59 66 
555093,35 137 
555401,32 144 
555403,03 144 
555404,43 144 
555879,99 101 
555881,37 100 
555881,37 51 
555921,81 1
555921,81 2
555921,81 2
555921,81 60 
556024,85 61 
557036,38 62 
557285,48 64 
557656,01 121 
558220,28 125 
558734,61 65 
559303,25 144 
559305,98 144 
559762,33 101 
559763,59 100 
559763,59 51 
559786,21 1
559786,21 2
559786,21 2
559786,21 60 
559792,48 111 
560677,31 114 
560719,03 60 
561254,65 111 
561574,59 114 
561620,04 60 
562021,92 61 
562609,19 63 
562618,75 60 
563079,1 111 
563717,37 114 
563769,06 60 
564006,24 61 
565018,1 62 
565198,67 64 
565611,45 121 
566143,36 125 
566664,97 65 
567167,46 144 
567170,67 144 
567467,8 144 
567658,64 101 
567659,82 100 
567659,82 51 
567700,2 1
567700,2 2
567700,2 2
567700,2 60 
568223,89 61 
569191,91 63 
569200,59 60 
569564,94 111 
572324,87 114 
572365,34 60 
572691,26 61 
573698,13 62 
573927,48 64 
574319,6 121 
574882,15 125 
575394,39 65 
575898,04 144 
575899,84 144 
575998,34 144 
576389,24 101 
576390,39 100 
576390,39 51 
576430,61 1
576430,61 2
576430,61 2
576430,61 60 
577002,85 61 
578013,96 62 
579453,78 64 
579824,54 121 
580354,77 125 
580826,6 137 
580877,41 65 
581406,65 144 
581409,93 144 
581411,72 144 
581888,8 101 
581889,96 100 
581889,96 51 
581928,78 2
581928,78 1
581928,78 2
581928,78 60 
582437,8 61 
583063,37 63 
583078,35 60 
583444,92 111 
584073,01 114 
584111,47 60 
584313,12 61 
585327,76 62 
586089,12 64 
586531,8 121 
587093,5 125 
587606,97 66 
587996,82 137 
588172,62 144 
588174,73 144 
588176,05 144 
588635,76 101 
588636,99 100 
588636,99 51 
588676,63 1
588676,63 2
588676,63 2
588676,63 60 
590260,4 61 
590315,26 63 
590326,08 60 
590671,35 111 
592326,98 114 
592375,42 60 
595354,02 111 
596292,7 114 
596340,78 60 
597155,71 61 
598173,58 62 
599678,79 64 
600094,52 121 
600639,82 125 
601116,33 137 
601186,86 65 
601702,61 144 
601704,61 144 
601705,61 144 
602182,44 101 
602183,77 100 
602183,77 51 
602222,41 1
602222,41 2
602222,41 1
602222,41 60 
603564,44 111 
604459,34 114 
604504,86 60 
621164,87 111 
621281,19 114 
621316,23 60 
621882,57 111 
622171,24 114 
622215,9 60 
622251 112 
622322,32 114 
622350,21 60 
622628,94 61 
623648,24 62 
631838,08 64 
633657,49 252 
633657,49 101 
633659,19 100 
633659,19 51 
633678,69 1
633678,69 2
633678,69 1
633678,69 60 
725009,18 112 
725088,57 114 
725115,32 60 
725263,88 61 
726280,96 62 
726560,86 64 
726800,01 123 
726887,88 124 
736906,32 252 
736906,32 101 
736908,16 100 
736908,16 51 
736927,3 1
736927,3 2
736927,3 1
736927,3 60 
776804,94 61 
777814,8 62 
778290,27 64 
778610,23 121 
779182,34 125 
779605,11 137 
779694,27 65 
780243,85 144 
780245,43 144 
780246,39 144 
780723,16 101 
780724,28 100 
780724,28 51 
780765,02 1
780765,02 2
780765,02 1
780765,02 60 
781713,03 61 
782623,8 63 
782645,93 60 
783052,43 111 
783303,21 114 
783346,81 60 
783541,91 61 
784561,93 62 
785136,31 64 
785490,41 121 
786057,77 125 
786132,7 137 
786574,09 65 
787123,56 144 
787125,18 144 
787126,76 144 
787604,59 101 
787605,79 100 
787605,79 51 
787644,57 2
787644,57 2
787644,57 2
787644,57 60 
787678,94 61 
788695,11 62 
788937,64 64 
789311,82 121 
789834,78 125 
790146,99 137 
790357,4 66 
790905,54 144 
790907,05 144 
790908,37 144 
792553,18 101 
792555,06 100 
792555,06 51 
792593 1
792593 2
792593 1
792593 60 
792920,95 113 
793234,75 114 
793275,73 60 
793609,3 61 
794625,38 62 
794835,96 64 
795167,93 122 
795686,2 125 
795902,35 137 
796206,23 66 
796753,84 144 
796755,47 144 
796756,81 144 
798288,69 101 
798290,21 100 
798290,21 51 
798325,94 1
798325,94 1
798325,94 2
798325,94 60 
798689,15 111 
800132,34 114 
800173,48 60 
800458,09 61 
801473,07 62 
801810,59 64 
802129,99 123 
802683,36 125 
802750,97 137 
803202,65 66 
803751,02 144 
803753,23 144 
803754,55 144 
804030,02 142 
804115,14 144 
804117,11 144 
804230,84 101 
804232,12 100 
804232,12 51 
804273,78 1
804273,78 2
804273,78 2
804273,78 60 
804303,56 112 
805117,73 114 
805155,62 60 
806275,64 61 
807288,04 62 
807920,61 64 
808363,43 121 
808895,51 125 
809417,22 65 
809498,7 137 
809965,78 144 
809967,41 144 
809968,57 144 
810446,4 101 
810447,55 100 
810447,55 51 
810488,35 1
810488,35 2
810488,35 2
810488,35 60 
810682,33 61 
811702,32 62 
811963,16 64 
812344,43 121 
812906,28 125 
813414,88 137 
813482,21 65 
813964,91 144 
813966,8 144 
813970,83 144 
814444,17 101 
814445,38 100 
814445,38 51 
814485,59 2
814485,59 2
814485,59 2
814485,59 60 
814647,65 61 
815669,24 62 
816025,11 64 
816347,51 121 
816916,81 125 
817181,1 137 
817430,96 66 
817980,97 144 
817982,57 144 
817983,67 144 
819875,77 101 
819877,66 100 
819877,66 51 
819917,21 1
819917,21 2
819917,21 2
819917,21 60 
820243,49 111 
821344,11 114 
821383,33 60 
822138,85 61 
823149,49 62 
824553,79 64 
824958,66 121 
825488,75 125 
826013,44 65 
826125,97 137 
826561,07 144 
826563,26 144 
826564,55 144 
827039,77 101 
827041,03 100 
827041,03 51 
827081,65 1
827081,65 1
827081,65 2
827081,65 60 
827656,94 61 
828381,15 63 
828397,52 60 
828812,96 111 
829375,97 114 
829413,96 60 
829749,33 61 
830763,03 62 
831068,56 64 
831462,35 121 
831998,31 125 
832511,18 65 
832558,87 137 
833059,58 144 
833061,22 144 
833062,5 144 
833537,97 101 
833539,13 100 
833539,13 51 
833579,39 1
833579,39 2
833579,39 1
833579,39 60 
833834,77 61 
834845,81 62 
836149,16 64 
836554,17 121 
837121,59 125 
837634,52 137 
837689,97 65 
838190,37 144 
838191,86 144 
838192,75 144 
838669,12 101 
838670,3 100 
838670,3 51 
838712,33 1
838712,33 2
838712,33 2
838712,33 60 
839189,05 61 
840210,07 62 
840313,13 64 
840746,97 121 
841314,86 125 
841822,73 65 
841869,56 137 
842372,42 144 
842374,11 144 
842375,6 144 
842852,3 101 
842853,53 100 
842853,53 51 
842893,36 1
842893,36 2
842893,36 2
842893,36 60 
843641,07 61 
844400,28 63 
844409,73 60 
844783,32 111 
846482,38 114 
846525,07 60 
846815,4 61 
847826,32 62 
848713,08 64 
849049,27 121 
849582,77 125 
850017,85 137 
850103,12 65 
850636,99 144 
850638,59 144 
850639,79 144 
851115,53 101 
851116,69 100 
851116,69 51 
851156,98 1
851156,98 2
851156,98 2
851156,98 60 
851338,55 61 
852346,56 63 
852356,39 60 
852766,95 111 
853276,47 114 
853322,65 60 
853595,57 61 
854606,81 62 
855763,38 64 
856173,66 121 
856694,15 125 
857203,05 65 
857216,76 137 
857734,14 144 
857735,74 144 
857737,11 144 
858212,79 101 
858214,07 100 
858214,07 51 
858254,71 1
858254,71 2
858254,71 1
858254,71 60 
858422,07 61 
859438,18 63 
859454,01 60 
859887,65 111 
861290,85 114 
861336,79 60 
861563,56 61 
862586,71 62 
863323,44 64 
863702,58 121 
864281,91 125 
864488,25 137 
864799,1 65 
865330,31 144 
865332,01 144 
865332,94 144 
865811,26 101 
865812,53 100 
865812,53 51 
865852,13 2
865852,13 2
865852,13 2
865852,13 60 
866125,22 61 
867138,02 62 
867286,52 64 
867672,32 121 
868193,18 125 
868556,8 137 
868714,12 66 
869263,7 144 
869265,62 144 
869266,75 144 
869742,45 101 
869743,72 100 
869743,72 51 
869784,08 2
869784,08 1
869784,08 2
869784,08 60 
869845,48 111 
870283,17 114 
870317,21 60 
870603,25 61 
871616,49 62 
872879,61 64 
873280,99 121 
873834,31 125 
874170,82 137 
874347,11 66 
874895,2 144 
874896,93 144 
874898,93 144 
878838,16 101 
878839,63 100 
878839,63 51 
878881,16 1
878881,16 2
878881,16 2
878881,16 60 
879236,01 111 
879905,17 114 
879930,81 60 
881012,36 61 
881643,69 63 
881663,34 60 
882419,24 111 
882642,8 114 
882680,92 60 
883388,61 111 
883588,47 114 
883630,32 60 
883915,79 61 
884929,23 62 
888421,26 64 
894231,76 121 
894750,26 125 
895271,58 65 
895826,34 144 
895828,34 144 
896301,97 101 
896303,14 100 
896303,14 51 
896325,4 1
896325,4 2
896325,4 2
896325,4 60 
896331,1 111 
897370,37 114 
897408,13 60 
897762,3 61 
898773,66 62 
898901,3 64 
899295,88 121 
899854,23 125 
900373,23 65 
900398,64 137 
900920,38 144 
900922,01 144 
900923,4 144 
901399,26 101 
901400,41 100 
901400,41 51 
901441,22 1
901441,22 2
901441,22 1
901441,22 60 
901600,75 61 
902622,38 62 
902708,77 64 
903082,53 121 
903641,62 125 
903913,08 137 
904153,28 65 
904700,98 144 
904702,72 144 
904703,97 144 
905181,41 101 
905182,74 100 
905182,74 51 
905222,36 1
905222,36 1
905222,36 2
905222,36 60 
905826,28 61 
906764,43 63 
906772,87 60 
907131,21 111 
907957,7 114 
908004,76 60 
908550,56 61 
909570,94 62 
909674,72 64 
910188,31 121 
910739,19 125 
911215,15 137 
911282,5 65 
911799,18 144 
911801,19 144 
911802,76 144 
912279,86 101 
912281,12 100 
912281,12 51 
912320,08 1
912320,08 1
912320,08 1
912320,08 60 
914536,25 111 
915622,74 114 
915668,91 60 
916620,45 111 
917709,97 114 
917751,78 60 
917823,31 112 
917906,84 114 
917951,55 60 
918121,76 111 
918666,56 114 
918701,23 60 
919011,08 111 
919167,9 114 
919200,96 60 
920215,31 112 
921026,18 114 
921068,07 60 
926933,54 61 
927948,06 62 
931386,14 64 
931762,75 121 
932329,63 125 
932844,32 65 
933397,45 144 
933399,4 144 
933872,1 101 
933873,31 100 
933873,31 51 
933896,39 1
933896,39 1
933896,39 2
933896,39 60 
933902,16 111 
934178,15 114 
934213,21 60 
934541,62 61 
935562,27 62 
935814,57 64 
936167,83 121 
936727,22 125 
937242,17 65 
937746,65 144 
937748,41 144 
938236,77 101 
938238,03 100 
938238,03 51 
938262,05 2
938262,05 2
938262,05 2
938262,05 60 
938267,09 111 
939893,64 114 
939928,82 60 
940791,62 111 
941879,51 114 
941910,79 60 
942232,64 61 
943244,87 62 
945336,53 64 
945695,26 121 
946243,11 125 
946707,16 137 
946755,33 66 
947305,61 144 
947306,88 144 
947307,87 144 
947783,47 101 
947784,81 100 
947784,81 51 
947825,06 2
947825,06 1
947825,06 2
947825,06 60 
948481,11 111 
948561,51 114 
948607,88 60 
948763,73 61 
949774,98 62 
950920,24 64 
951376,71 121 
951912,18 125 
952421,71 66 
952501,93 137 
952969,23 144 
952971,09 144 
952972,42 144 
953448,35 101 
953449,55 100 
953449,55 51 
953489,8 2
953489,8 1
953489,8 2
953489,8 60 
953548,44 61 
954572,03 62 
954863,23 64 
955264,47 121 
955826,66 125 
956196,51 137 
956335,67 66 
956871,99 101 
956924,28 8
956924,28 52 
956991,08 100 
956991,08 52 
957005,41 1
957005,41 2
957005,41 1
957005,41 60 
979558,03 61 
980516,39 63 
980532,06 60 
980850,55 61 
980913,32 63 
980930,66 60 
980936,42 61 
981015,04 63 
981030,45 60 
981447,99 111 
982692,52 114 
982731,67 60 
983078,45 61 
984097,02 62 
988927,7 64 
994104,96 252 
994104,96 101 
994106,74 100 
994106,74 52 
994126,58 1
994126,58 2
994126,58 1
994126,58 60 
1002477,52 111 
1002562,96 114 
1002607,11 60 
1003078,46 111 
1003296,96 114 
1003339,94 60 
1003537,5 111 
1003775,85 114 
1003823,35 60 
1031965,34 112 
1032068,17 114 
1032113,91 60 
1085135,38 61 
1086146,82 62 
1086165,34 64 
1086527,75 121 
1087084,25 125 
1087533 137 
1087594,92 65 
1088140,48 144 
1088142,24 144 
1088143,32 144 
1088621,2 101 
1088622,42 100 
1088622,42 52 
1088661,93 1
1088661,93 2
1088661,93 2
1088661,93 60 
1088804,86 61 
1089827,91 62 
1090104,26 64 
1090498,64 121 
1091018,84 125 
1091542,06 66 
1091761,43 137 
1092089,83 144 
1092091,46 144 
1092092,61 144 
1092568,61 101 
1092569,83 100 
1092569,83 52 
1092611,02 1
1092611,02 1
1092611,02 2
1092611,02 60 
1092649,45 61 
1093681,14 62 
1094694,51 64 
1097709,45 121 
1098259,49 125 
1098771,73 66 
1099325,62 144 
1099327,8 144 
1099490,62 144 
1103209,78 101 
1103211,12 100 
1103211,12 52 
1103257,07 1
1103257,07 2
1103257,07 2
1103257,07 60 
1103666,69 113 
1104063,62 114 
1104106,66 60 
1104390,33 61 
1105406,09 62 
1105734,27 64 
1106126,75 123 
1106661,84 125 
1106937,96 137 
1107169,56 66 
1107718,57 144 
1107720,11 144 
1107722,03 144 
1108055,25 142 
1108156,5 144 
1108158,37 144 
1108197,16 101 
1108198,42 100 
1108198,42 52 
1108239,89 1
1108239,89 1
1108239,89 2
1108239,89 60 
1108283,39 112 
1108506,27 114 
1108540,56 60 
1109672,29 61 
1110687,88 62 
1113151,24 64 
1113547,9 121 
1114088,84 125 
1114601,81 66 
1115156,22 144 
1115158,11 144 
1115300,27 144 
1117493,26 101 
1117494,59 100 
1117494,59 52 
1117535,75 2
1117535,75 2
1117535,75 2
1117535,75 60 
1180893,33 61 
1181314,25 63 
1181331,71 60 
1182121,81 111 
1182648,97 114 
1182682,09 60 
1185484,2 111 
1186550,48 114 
1186596,37 60 
1187486,59 61 
1188496,85 62 
1189971,37 64 
1190343,26 122 
1190898,3 125 
1190948,44 137 
1191409,1 66 
1191955,61 144 
1191958,09 144 
1191959,76 144 
1192435,86 101 
1192437,02 100 
1192437,02 52 
1192477,94 2
1192477,94 2
1192477,94 1
1192477,94 60 
1192516,44 111 
1194902,25 114 
1194927,04 60 
1194961,27 112 
1195032,52 114 
1195060,6 60 
1195180,13 112 
1195520,67 114 
1195559,93 60 
1196032,16 112 
1196983,98 114 
1197026,14 60 
1197359,88 111 
1197433,33 114 
1197460,43 60 
1198342,52 111 
1198426,09 114 
1198458,85 60 
1301935,65 61 
1302958,35 62 
1304067,39 64 
1304623,94 121 
1305147,5 125 
1305670,99 65 
1306240,22 144 
1306242,88 144 
1306459,9 144 
1306716,53 101 
1306717,73 100 
1306717,73 52 
1306756,74 1
1306756,74 2
1306756,74 2
1306756,74 60 
1306936,74 61 
1307955,65 62 
1308988,06 64 
1309382,91 121 
1309913,79 125 
1310435,58 66 
1310676,32 137 
1310990,04 144 
1310992,29 144 
1310993,71 144 
1311465,16 101 
1311466,42 100 
1311466,42 52 
1311505,32 1
1311505,32 2
1311505,32 2
1311505,32 60 
1311543,76 61 
1312573,94 62 
1312967,79 64 
1313361,09 121 
1313895,04 125 
1314417,89 66 
1314974,23 144 
1314976,5 144 
1315239,16 144 
1315446,79 101 
1315448,01 100 
1315448,01 52 
1315487,09 1
1315487,09 2
1315487,09 2
1315487,09 60 
1315544,34 61 
1316556,37 62 
1318562,32 64 
1318993,09 121 
1319555,62 125 
1320066,01 66 
1320570,5 144 
1320572,67 144 
1320787,52 144 
1321061,47 101 
1321062,7 100 
1321062,7 52 
1321102,1 2
1321102,1 2
1321102,1 2
1321102,1 60 
1321132,3 61 
1322151,95 62 
1323715,98 64 
1324266,67 122 
1324832,2 125 
1324994,75 137 
1325348,48 66 
1325871,6 144 
1325873,06 144 
1325874,01 144 
1327556,63 101 
1327557,79 100 
1327557,79 52 
1327599,71 1
1327599,71 1
1327599,71 1
1327599,71 60 
1328358,49 61 
1329368,34 62 
1330438,03 64 
1330867,21 122 
1331390,32 125 
1331912,6 65 
1332466,14 144 
1332467,91 144 
1332796,08 144 
1332939,8 101 
1332941,2 100 
1332941,2 52 
1332981,41 1
1332981,41 2
1332981,41 2
1332981,41 60 
1333451,68 61 
1334463,9 62 
1334580,02 64 
1334937,05 122 
1335471,54 125 
1335986,47 137 
1335995,46 65 
1336544,63 144 
1336546,09 144 
1336547,16 144 
1337022,78 101 
1337023,98 100 
1337023,98 52 
1337064,48 1
1337064,48 2
1337064,48 2
1337064,48 60 
1337165,62 61 
1338179,85 62 
1338348,08 64 
1338884,71 122 
1339405,37 125 
1339926,46 65 
1340180,96 137 
1340459,15 144 
1340460,85 144 
1340462,05 144 
1340938,95 101 
1340940,28 100 
1340940,28 52 
1340978,84 1
1340978,84 2
1340978,84 2
1340978,84 60 
1341009,97 61 
1342028,85 62 
1342064,08 64 
1342439,86 122 
1343014,55 125 
1343525,57 65 
1343918,36 137 
1344057 144 
1344058,67 144 
1344060,12 144 
1344537,44 101 
1344538,63 100 
1344538,63 52 
1344577,54 1
1344577,54 2
1344577,54 1
1344577,54 60 
1344649,91 61 
1345662,82 62 
1345815,4 64 
1346227,15 122 
1346751,5 125 
1347191,62 137 
1347274,64 65 
1347806,05 144 
1347807,67 144 
1347808,85 144 
1348286,31 101 
1348287,47 100 
1348287,47 52 
1348326,55 1
1348326,55 1
1348326,55 2
1348326,55 60 
1348423,39 61 
1349402,51 63 
1349410,56 60 
1350078,46 61 
1351092,56 62 
1351432,33 64 
1351906,58 122 
1352462,97 125 
1352765,21 137 
1352973,51 65 
1353501,93 144 
1353503,95 144 
1353505,45 144 
1353984,41 101 
1353985,58 100 
1353985,58 52 
1354024,59 2
1354024,59 2
1354024,59 2
1354024,59 60 
1354126,58 61 
1355139,91 62 
1355157,6 64 
1355640,86 122 
1356193,25 125 
1356705,11 66 
1356818,68 137 
1357252,19 144 
1357254,39 144 
1357255,78 144 
1357731,35 101 
1357732,63 100 
1357732,63 52 
1357773,27 1
1357773,27 2
1357773,27 1
1357773,27 60 
1357808,92 61 
1358823,82 62 
1359274,18 64 
1359718,47 122 
1360293,83 125 
1360803,19 65 
1361210,86 137 
1361350,54 144 
1361352,14 144 
1361353,26 144 
1363335,38 101 
1363336,9 100 
1363336,9 52 
1363388 1
1363388 1
1363388 2
1363388 60 
1364061,66 61 
1365074,82 62 
1365286,57 64 
1365652,05 122 
1366208,57 125 
1366716,9 65 
1367145,63 137 
1367242,8 144 
1367244,31 144 
1367245,67 144 
1369129,14 101 
1369130,72 100 
1369130,72 52 
1369169,44 2
1369169,44 2
1369169,44 2
1369169,44 60 
1369835,68 61 
1370853,43 62 
1371248,43 64 
1371615,35 122 
1372124,67 125 
1372532,93 137 
1372631,68 66 
1373164,67 144 
1373166,28 144 
1373167,37 144 
1376049,27 101 
1376050,54 100 
1376050,54 52 
1376084,13 1
1376084,13 2
1376084,13 1
1376084,13 60 
1376508,32 112 
1376636,52 114 
1376683,46 60 
1376918,42 61 
1377934,51 62 
1379630,27 64 
1380135,24 122 
1380656,53 125 
1380970,83 137 
1381178,32 65 
1381728,8 144 
1381730,3 144 
1381731,65 144 
1382206,94 101 
1382208,16 100 
1382208,16 52 
1382248,45 1
1382248,45 1
1382248,45 2
1382248,45 60 
1382380,91 61 
1383397,95 62 
1383592,78 64 
1383977,68 122 
1384509,36 125 
1385029,02 65 
1385080,8 137 
1385577,02 144 
1385578,41 144 
1385579,43 144 
1387292,56 101 
1387294,2 100 
1387294,2 52 
1387330,22 1
1387330,22 2
1387330,22 2
1387330,22 60 
1387672,46 112 
1387901,27 114 
1387946,49 60 
1388225,96 61 
1389245,52 62 
1390052,59 64 
1390458,91 122 
1390984,99 125 
1391284,42 137 
1391509,97 65 
1392044,45 144 
1392046,04 144 
1392047,08 144 
1392520,02 101 
1392521,32 100 
1392521,32 52 
1392561,51 2
1392561,51 2
1392561,51 2
1392561,51 60 
1392921,8 61 
1393943,65 62 
1394799,49 64 
1395082,83 122 
1395600,6 125 
1396107,74 66 
1396393,77 137 
1396655,97 144 
1396657,55 144 
1396659,03 144 
1418825,79 101 
1418827,28 100 
1418827,28 52 
1418869,85 1
1418869,85 2
1418869,85 2
1418869,85 60 
1437591,32 61 
1438612,69 62 
1439071,42 64 
1439443,4 121 
1440014,03 125 
1440425,99 137 
1440525,62 66 
1441059,62 144 
1441061,21 144 
1441062,28 144 
1444353,7 101 
1444355,28 100 
1444355,28 52 
1444394,89 1
1444394,89 2
1444394,89 2
1444394,89 60 
1501503,17 112 
1501582,92 114 
1501625,9 60 
1502093,5 111 
1502431,26 114 
1502476,78 60 
1503188,92 112 
1503307,79 114 
1503341,73 60 
1519838,5 61 
1520852,64 62 
1521290,78 64 
1521703,4 121 
1522225,6 125 
1522733,77 66 
1522955,47 137 
1523281,61 144 
1523283,12 144 
1523284,33 144 
1525335,85 101 
1525337,47 100 
1525337,47 52 
1525384,84 1
1525384,84 2
1525384,84 1
1525384,84 60 
1525699,21 111 
1532505,12 114 
1532532,31 60 
1693007,33 61 
1694029,83 62 
1694146,56 64 
1694722,3 121 
1695295,73 125 
1695432,13 137 
1695808,8 65 
1696341,87 144 
1696343,77 144 
1696345,22 144 
1697151,37 101 
1697152,93 100 
1697152,93 52 
1697194,9 1
1697194,9 1
1697194,9 2
1697194,9 60 
1697849,18 61 
1698777,19 63 
1698794,23 60 
1699321,08 111 
1699546,03 114 
1699593,87 60 
1699871,28 61 
1700892,95 62 
1700949,4 64 
1701580,13 121 
1702100,29 125 
1702408,38 137 
1702623,91 66 
1703172,14 144 
1703173,66 144 
1703175,03 144 
1705817,28 101 
1705818,64 100 
1705818,64 52 
1705858,53 1
1705858,53 2
1705858,53 2
1705858,53 60 
1706282,96 112 
1706604,37 114 
1706641,49 60 
1707041,66 61 
1708057,56 62 
1711318,02 64 
1711828,08 121 
1712392,7 125 
1712902,22 66 
1713202,55 137 
1713453,31 144 
1713454,73 144 
1713455,92 144 
1716664,4 101 
1716665,93 100 
1716665,93 52 
1716705,97 2
1716705,97 2
1716705,97 2
1716705,97 60 
1717707,37 61 
1718720,33 62 
1719065,16 64 
1719516,29 121 
1720046,33 125 
1720567,75 66 
1720637,16 137 
1721132,64 144 
1721134,45 144 
1721136,05 144 
1721594,82 101 
1721596 100 
1721596 52 
1721638,53 1
1721638,53 2
1721638,53 2
1721638,53 60 
1721671,23 61 
1722690,06 62 
1725040,17 64 
1725486,19 122 
1726010,32 125 
1726356,58 137 
1726532,75 65 
1727056,87 144 
1727058,41 144 
1727059,28 144 
1727543,7 101 
1727545,04 100 
1727545,04 52 
1727585,76 1
1727585,76 2
1727585,76 2
1727585,76 60 
1727814,18 61 
1728834,41 62 
1728870,57 64 
1729298,71 122 
1729826,12 125 
1730347,93 65 
1730363,7 137 
1730897,74 144 
1730899,31 144 
1730900,61 144 
1731375,44 101 
1731377,54 100 
1731377,54 52 
1731416,81 1
1731416,81 2
1731416,81 2
1731416,81 60 
1731486,61 61 
1732499,53 62 
1732793,09 64 
1733188,02 122 
1733736,83 125 
1734228,44 137 
1734297,6 65 
1734794,79 144 
1734796,27 144 
1734797,44 144 
1735274,46 101 
1735275,66 100 
1735275,66 52 
1735315,73 1
1735315,73 2
1735315,73 2
1735315,73 60 
1735370,98 61 
1736382,12 62 
1736724,19 64 
1737026,59 122 
1737600,27 125 
1738002,93 137 
1738113,84 65 
1738660,41 144 
1738661,99 144 
1738663,43 144 
1738682,52 143 
1738794,78 144 
1738796,35 144 
1738798,02 144 
1739140,93 101 
1739142,15 100 
1739142,15 52 
1739181,15 1
1739181,15 2
1739181,15 2
1739181,15 60 
1739339,48 61 
1740348,73 62 
1740559,71 64 
1740906,89 122 
1741438,35 125 
1741959,1 65 
1742515,4 144 
1742517,02 144 
1742760,76 144 
1742988,08 101 
1742989,25 100 
1742989,25 52 
1743029,71 1
1743029,71 2
1743029,71 2
1743029,71 60 
1743317,11 61 
1744329,97 62 
1744510,14 64 
1744851,26 122 
1745370,8 125 
1745891,81 65 
1746028,7 137 
1746455,91 144 
1746457,67 144 
1746459,02 144 
1746481,86 143 
1746597,2 144 
1746599,39 144 
1746602,93 144 
1746919,72 101 
1746921,04 100 
1746921,04 52 
1746961,69 2
1746961,69 2
1746961,69 2
1746961,69 60 
1747074,85 61 
1748094,16 62 
1748548,32 64 
1748938,76 122 
1749468,54 125 
1749989,83 66 
1750104,61 137 
1750539,11 144 
1750540,56 144 
1750541,47 144 
1755801,27 101 
1755802,71 100 
1755802,71 52 
1755842,2 2
1755842,2 1
1755842,2 2
1755842,2 60 
1756285,88 112 
1756365,92 114 
1756408,42 60 
1756701,29 61 
1757391,32 63 
1757408,6 60 
1758104,61 111 
1760646,67 114 
1760690,19 60 
1761240,98 61 
1762258,29 62 
1764914,1 64 
1765299,3 122 
1765858,02 125 
1765929,69 137 
1766369,48 66 
1766917,37 144 
1766918,85 144 
1766919,86 144 
1771611,74 101 
1771613,45 100 
1771613,45 52 
1771654,71 2
1771654,71 1
1771654,71 2
1771654,71 60 
1772276,83 61 
1773286,87 62 
1774314,91 64 
1781865,53 121 
1782389,83 125 
1782898,21 66 
1783432,02 101 
1783488,89 8
1783488,89 53 
1783551,13 100 
1783551,13 53 
1783566,43 1
1783566,43 2
1783566,43 2
1783566,43 60 
1783572,42 111 
1784856,69 114 
1784898,97 60 
1786303,47 111 
1787184,27 114 
1787231,97 60 
1787242,95 112 
1787338,19 114 
1787381,64 60 
1806726,17 111 
1806814,8 114 
1806843,04 60 
1806947,45 111 
1808258,65 114 
1808292,63 60 
1809379,31 112 
1809462,68 114 
1809490,99 60 
1911129,33 111 
1912955,8 114 
1912992,96 60 
1913377,28 61 
1914388,91 62 
1915680,96 64 
1916128,25 121 
1916647,97 125 
1917170,18 66 
1917672,06 144 
1917674,12 144 
1917978,92 144 
1918164,46 101 
1918165,77 100 
1918165,77 53 
1918206,44 1
1918206,44 2
1918206,44 2
1918206,44 60 
1918427,12 61 
1919438,57 62 
1920393,22 64 
1920849,09 123 
1921407,43 125 
1921916,81 65 
1922473,72 144 
1922475,68 144 
1922669,44 144 
1922946,66 101 
1922947,88 100 
1922947,88 53 
1922987,66 1
1922987,66 2
1922987,66 1
1922987,66 60 
1923329 61 
1924338,54 62 
1924893,31 64 
1925249,23 123 
1925776,7 125 
1926164,08 137 
1926300,21 65 
1926849,43 144 
1926851,22 144 
1926852,47 144 
1927328,44 101 
1927329,57 100 
1927329,57 53 
1927368,9 2
1927368,9 2
1927368,9 2
1927368,9 60 
1927436,8 61 
1928451,23 62 
1929600,28 64 
1930071,93 123 
1930594,51 125 
1931052,02 137 
1931115,26 66 
1931678,95 144 
1931680,81 144 
1931681,85 144 
1933814,28 101 
1933815,72 100 
1933815,72 53 
1933850,79 2
1933850,79 1
1933850,79 2
1933850,79 60 
1934611,1 61 
1935634,22 62 
1937330,04 64 
1937780,48 123 
1938306,67 125 
1938827,96 66 
1939019,92 137 
1939378,87 144 
1939380,56 144 
1939382,19 144 
1939856,11 101 
1939857,26 100 
1939857,26 53 
1939897,98 1
1939897,98 2
1939897,98 2
1939897,98 60 
1939941,44 61 
1940965,88 62 
1948012,21 64 
1948553,85 121 
1949112,14 125 
1949625,8 66 
1950182,74 144 
1950184,36 144 
1950186,24 144 
1950652,6 101 
1950653,97 100 
1950653,97 53 
1950694,6 1
1950694,6 2
1950694,6 2
1950694,6 60 
2014454,12 61 
2015472,58 62 
2015692,46 64 
2016132,36 121 
2016662,41 125 
2016987,55 137 
2017168,82 66 
2017719,18 144 
2017720,79 144 
2017721,95 144 
2020042,24 101 
2020043,55 100 
2020043,55 53 
2020088,32 1
2020088,32 2
2020088,32 1
2020088,32 60 
2020789,08 61 
2021804,09 62 
2024263,13 64 
2024732,07 121 
2025261,97 125 
2025720,96 137 
2025785,15 65 
2026333,94 144 
2026335,37 144 
2026336,27 144 
2026812,71 101 
2026814 100 
2026814 53 
2026853,83 1
2026853,83 1
2026853,83 2
2026853,83 60 
2027197,54 61 
2028218,93 62 
2028406,17 64 
2028858,85 121 
2029420,12 125 
2029762,62 137 
2029932,98 66 
2030482,32 144 
2030484,5 144 
2030486,49 144 
2032961,58 101 
2032963,27 100 
2032963,27 53 
2033000,92 1
2033000,92 2
2033000,92 2
2033000,92 60 
2033403,86 111 
2034734,93 114 
2034750,01 60 
2035077,51 61 
2036099,84 62 
2038827,95 64 
2046108,49 252 
2046108,49 101 
2046111,08 100 
2046111,08 53 
2046129,71 1
2046129,71 2
2046129,71 2
2046129,71 60 
2102616,09 61 
2103628,51 62 
2104521,11 64 
2105064,47 122 
2105584,54 125 
2105926,91 137 
2106106,16 66 
2106655,27 144 
2106657,17 144 
2106658,11 144 
2109836,65 101 
2109838,2 100 
2109838,2 53 
2109875,61 2
2109875,61 2
2109875,61 2
2109875,61 60 
2110669,98 61 
2111691,82 62 
2112671,52 64 
2121700,05 252 
2121700,05 101 
2121702,04 100 
2121702,04 53 
2121721,4 2
2121721,4 2
2121721,4 2
2121721,4 60 
2161909 61 
2162924,08 62 
2163598,22 64 
2164063,63 121 
2164582,78 125 
2165104,53 66 
2165660,32 144 
2165662,59 144 
2165926,43 144 
2166133,15 101 
2166134,41 100 
2166134,41 53 
2166173,97 1
2166173,97 1
2166173,97 2
2166173,97 60 
2166306,94 61 
2167323,93 62 
2172476,13 64 
2177330,65 252 
2177330,65 101 
2177333,45 100 
2177333,45 53 
2177353,85 1
2177353,85 1
2177353,85 2
2177353,85 60 
2206715,39 111 
2206785,87 114 
2206810,34 60 
2208182,8 112 
2208276,51 114 
2208310,02 60 
2208562,16 61 
2209575,63 62 
2222352,92 64 
2222354,75 252 
2222354,75 101 
2222357,19 100 
2222357,19 53 
2222371,56 1
2222371,56 1
2222371,56 2
2222371,56 60 
2222900,91 111 
2223362,11 114 
2223404,88 60 
2278783,12 61 
2279803,01 62 
2280328,04 64 
2280738,75 121 
2281260,36 125 
2281712,09 137 
2281783,09 66 
2282330,81 144 
2282333,23 144 
2282334,68 144 
2282810,4 101 
2282811,55 100 
2282811,55 53 
2282851,74 1
2282851,74 2
2282851,74 2
2282851,74 60 
2282970,8 61 
2283985,2 62 
2285923,89 64 
2286426,3 122 
2286958,32 125 
2287215,79 137 
2287479,91 66 
2288013 144 
2288014,79 144 
2288016,26 144 
2288492,99 101 
2288494,15 100 
2288494,15 53 
2288533,4 1
2288533,4 2
2288533,4 2
2288533,4 60 
2288613,29 61 
2289632,75 62 
2290094,2 64 
2290574,53 123 
2291105,85 125 
2291578 137 
2291652,83 65 
2292178,42 144 
2292180,03 144 
2292181,58 144 
2292657,66 101 
2292658,79 100 
2292658,79 53 
2292698,57 1
2292698,57 2
2292698,57 2
2292698,57 60 
2292778,98 61 
2293798,41 62 
2294035,01 64 
2294486,05 123 
2295018,17 125 
2295527,99 65 
2295535,43 137 
2296077,23 144 
2296078,58 144 
2296079,95 144 
2296555,45 101 
2296556,66 100 
2296556,66 53 
2296597,2 2
2296597,2 1
2296597,2 2
2296597,2 60 
2296641,52 61 
2297665,69 62 
2298157,91 64 
2298622,21 123 
2299151,75 125 
2299659,91 137 
2299725,73 66 
2300208,37 144 
2300209,89 144 
2300211,11 144 
2302233,66 101 
2302235,47 100 
2302235,47 53 
2302278,6 1
2302278,6 2
2302278,6 1
2302278,6 60 
2302966,84 61 
2303978,62 62 
2306233,83 64 
2306750,16 123 
2307282,78 125 
2307569,46 137 
2307791,37 65 
2308338,81 144 
2308340,46 144 
2308341,83 144 
2308818,04 101 
2308819,26 100 
2308819,26 53 
2308860,84 1
2308860,84 2
2308860,84 2
2308860,84 60 
2308992,05 61 
2309847,56 63 
2309860,48 60 
2310542,76 61 
2311558,57 62 
2312102,28 64 
2312562,84 123 
2313083,18 125 
2313604,15 65 
2313820,93 137 
2314153,91 144 
2314155,56 144 
2314156,95 144 
2314633,36 101 
2314634,59 100 
2314634,59 53 
2314674,68 1
2314674,68 2
2314674,68 1
2314674,68 60 
2316675,79 61 
2317690,11 62 
2317768,52 64 
2318265,11 123 
2318807,75 125 
2319321,09 65 
2319481,59 137 
2319751,62 133 
2319807,32 137 
2319882,41 144 
2319883,77 144 
2319884,83 144 
2320446,48 101 
2320447,61 100 
2320447,61 53 
2320489,62 1
2320489,62 2
2320489,62 2
2320489,62 60 
2323471,97 61 
2324486,87 62 
2325045,8 64 
2325517,03 123 
2326059,67 125 
2326567,59 65 
2327136,79 144 
2327138,8 144 
2327140,03 144 
2329237,02 101 
2329238,46 100 
2329238,46 53 
2329286,34 1
2329286,34 2
2329286,34 2
2329286,34 60 
2330031,32 61 
2331051,54 62 
2335246,61 64 
2335778,68 123 
2336307,81 125 
2336832,14 65 
2337208,13 137 
2337380,54 144 
2337382,29 144 
2337383,63 144 
2339143,38 101 
2339144,52 100 
2339144,52 53 
2339184,19 1
2339184,19 2
2339184,19 2
2339184,19 60 
2339696,52 61 
2340716,05 62 
2341794,97 64 
2342185,33 123 
2342709,41 125 
2343228,53 65 
2343274,43 137 
2343778,89 144 
2343780,65 144 
2343781,81 144 
2346547,95 101 
2346549,95 100 
2346549,95 53 
2346597,31 2
2346597,31 2
2346597,31 1
2346597,31 60 
2346946,53 113 
2347037,86 114 
2347080,36 60 
2347343,41 61 
2348362,44 62 
2349800,83 64 
2350200,66 123 
2350721,94 125 
2351087,85 137 
2351241,88 66 
2351791,26 144 
2351792,84 144 
2351794,2 144 
2356333,93 101 
2356335,63 100 
2356335,63 53 
2356377,43 1
2356377,43 2
2356377,43 2
2356377,43 60 
2356773,11 111 
2357380,64 114 
2357428,41 60 
2386573,59 111 
2387916,66 114 
2387967,2 60 
2388405,4 112 
2388500,38 114 
2388533,39 60 
2388820,11 61 
2388846,12 63 
2388867,98 60 
2388902,51 61 
2389361,48 63 
2389383,35 60 
2478137,84 61 
2479153,57 62 
2480578,91 64 
2480981,84 121 
2481510,72 125 
2482033,25 66 
2482051,26 137 
2482580,27 144 
2482582,19 144 
2482583,61 144 
2487057,78 101 
2487059 100 
2487059 53 
2487101,03 1
2487101,03 1
2487101,03 2
2487101,03 60 
2487446,8 113 
2487743,17 114 
2487784,25 60 
2488095,32 61 
2489116,05 62 
2507273,83 64 
2507275,88 252 
2507275,88 101 
2507278,66 100 
2507278,66 53 
2507294,43 1
2507294,43 1
2507294,43 2
2507294,43 60 
2618070,9 61 
2619091,18 62 
2624073,62 64 
2624467,7 121 
2625024,24 125 
2625536,68 66 
2625646,07 137 
2626083,53 144 
2626085,07 144 
2626086,44 144 
2626563,99 101 
2626565,25 100 
2626565,25 53 
2626606,42 1
2626606,42 2
2626606,42 2
2626606,42 60 
2696408,19 61 
2697432,41 62 
2697920,46 64 
2698332,96 121 
2698856,1 125 
2699144,15 137 
2699379,59 66 
2699927,83 144 
2699929,4 144 
2699932,74 144 
2701030,39 101 
2701033,43 100 
2701033,43 53 
2701080,7 1
2701080,7 2
2701080,7 1
2701080,7 60 
2701531,34 61 
2702545,79 62 
2702983,86 64 
2703330,98 123 
2703854,95 125 
2704376,44 65 
2704940,04 144 
2704944,12 144 
2704953,87 144 
2705405,57 101 
2705406,71 100 
2705406,71 53 
2705446,63 1
2705446,63 2
2705446,63 2
2705446,63 60 
2705510,65 61 
2706413,75 63 
2706428,98 60 
2707179,86 61 
2707193,13 63 
2707211,78 60 
2709166,96 61 
2709195,73 63 
2709211,86 60 
2820386,9 61 
2821407,4 62 
2822373,69 64 
2822805,53 121 
2823336,46 125 
2823516,47 137 
2823852,89 66 
2824409,51 144 
2824411,22 144 
2824413,13 144 
2826514,21 101 
2826515,42 100 
2826515,42 53 
2826557,08 1
2826557,08 1
2826557,08 2
2826557,08 60 
2827204,97 61 
2828221,08 62 
2830820,7 64 
2831296,31 122 
2831854,89 125 
2832368,32 65 
2832930,76 144 
2832938,28 144 
2833204,51 144 
2833396,82 101 
2833398,02 100 
2833398,02 53 
2833437,14 2
2833437,14 2
2833437,14 2
2833437,14 60 
2833656,88 61 
2834669,99 62 
2835079,82 64 
2835456,24 122 
2835978,6 125 
2836331,83 137 
2836499,65 66 
2836636,09 133 
2836740,23 137 
2837032,17 144 
2837033,6 144 
2837034,57 144 
2839940,58 101 
2839942,02 100 
2839942,02 53 
2839985,1 1
2839985,1 2
2839985,1 2
2839985,1 60 
2840392,73 112 
2841679,69 114 
2841717,37 60 
2842097,62 61 
2843117,04 62 
2843677,65 64 
2844039,35 121 
2844558,91 125 
2845080,21 66 
2845105,9 137 
2845632,35 144 
2845633,93 144 
2845635,01 144 
2850232,33 101 
2850234,06 100 
2850234,06 53 
2850281,34 2
2850281,34 2
2850281,34 2
2850281,34 60 
2850859,35 111 
2851081,89 114 
2851114,56 60 
2851758,2 111 
2852927,07 114 
2852965,05 60 
2853554,01 61 
2854564,72 62 
2865725,83 64 
2865727,72 252 
2865727,72 101 
2865730,84 100 
2865730,84 53 
2865743 2
2865743 2
2865743 2
2865743 60 
2890172,09 112 
2890299,01 114 
2890337,02 60 
2891228,1 112 
2891331,25 114 
2891384,44 60 
2891704,03 61 
2892717,18 62 
2893798,58 64 
2902725,5 252 
2902725,5 101 
2902727,42 100 
2902727,42 53 
2902747,81 2
2902747,81 2
2902747,81 2
2902747,81 60 
3025493,14 61 
3026506,64 62 
3027225,52 64 
3027678,43 121 
3028231,65 125 
3028752,84 66 
3029167,15 137 
3029305,34 144 
3029306,85 144 
3029308,3 144 
3032030,99 101 
3032032,44 100 
3032032,44 53 
3032073,84 1
3032073,84 1
3032073,84 2
3032073,84 60 
3032508,02 111 
3033703,09 114 
3033737,67 60 
3034191,66 61 
3035203,19 62 
3036711,53 64 
3037048,69 123 
3037561,37 125 
3037869,34 137 
3038083,61 65 
3038638,07 144 
3038639,79 144 
3038641,09 144 
3039112,96 101 
3039114,16 100 
3039114,16 53 
3039152,54 1
3039152,54 1
3039152,54 1
3039152,54 60 
3039737,69 61 
3040751,92 62 
3040768,57 64 
3041194,06 123 
3041713,46 125 
3042232,9 65 
3042796,9 144 
3042803,72 144 
3042826,67 144 
3043259,64 101 
3043260,84 100 
3043260,84 53 
3043301,26 1
3043301,26 2
3043301,26 2
3043301,26 60 
3043401,88 61 
3044417 62 
3044601,89 64 
3044924,54 123 
3045446,53 125 
3045964,91 65 
3046121,74 137 
3046516 144 
3046517,71 144 
3046518,74 144 
3046992,74 101 
3046993,98 100 
3046993,98 53 
3047035,31 1
3047035,31 2
3047035,31 2
3047035,31 60 
3047081,89 61 
3048100,65 62 
3048231,65 64 
3048693 123 
3049216,51 125 
3049729,83 65 
3049853,83 137 
3050282,23 144 
3050283,93 144 
3050285,49 144 
3052544,8 101 
3052546,25 100 
3052546,25 53 
3052581,64 1
3052581,64 2
3052581,64 2
3052581,64 60 
3052870,08 113 
3053034,95 114 
3053081,68 60 
3053387,62 61 
3054398,94 62 
3056163,18 64 
3056583,62 123 
3057109,91 125 
3057560,7 137 
3057631,16 65 
3058182,05 144 
3058183,84 144 
3058185,16 144 
3058655,67 101 
3058656,82 100 
3058656,82 53 
3058695,93 1
3058695,93 2
3058695,93 1
3058695,93 60 
3058815,98 61 
3059829,8 62 
3059936,05 64 
3060304,3 123 
3060820,4 125 
3061342,24 65 
3061807,59 137 
3061944,6 144 
3061946,08 144 
3061947,05 144 
3063494,71 101 
3063496,17 100 
3063496,17 53 
3063544,49 2
3063544,49 2
3063544,49 2
3063544,49 60 
3064126,3 61 
3064154,31 63 
3064178,65 60 
3065031,91 61 
3065458,53 63 
3065477,78 60 
3066099,29 61 
3067110,48 62 
3068545,65 64 
3068971,06 123 
3069489,76 125 
3069977,68 137 
3070044,04 66 
3070558,69 144 
3070560,38 144 
3070561,58 144 
3072256,27 101 
3072257,72 100 
3072257,72 53 
3072292,06 1
3072292,06 2
3072292,06 2
3072292,06 60 
3072601,93 61 
3073624,45 62 
3074609,53 64 
3074953,81 123 
3075464,45 125 
3075857,01 137 
3075986,32 65 
3076536,6 144 
3076538,13 144 
3076539,1 144 
3077015,57 101 
3077016,71 100 
3077016,71 53 
3077057,09 2
3077057,09 2
3077057,09 2
3077057,09 60 
3077195,91 61 
3078208,58 62 
3078239,73 64 
3078704,65 123 
3079230,87 125 
3079751,56 66 
3079871,07 137 
3080284,34 144 
3080285,69 144 
3080287,69 144 
3088991,26 101 
3088992,64 100 
3088992,64 53 
3089036,03 1
3089036,03 2
3089036,03 2
3089036,03 60 
3126313,59 61 
3127324,68 62 
3127487,32 64 
3128070,64 121 
3128601,03 125 
3129119,54 66 
3129344,6 137 
3129674,79 144 
3129680,7 144 
3129682,11 144 
3131305,12 101 
3131306,66 100 
3131306,66 53 
3131355,48 2
3131355,48 2
3131355,48 2
3131355,48 60 
3132183,95 61 
3133204,18 62 
3135006,66 64 
3135642,83 123 
3136162,38 125 
3136408,14 137 
3136684,31 66 
3137235,56 144 
3137237,25 144 
3137238,2 144 
3147316,84 101 
3147318,35 100 
3147318,35 53 
3147366,77 1
3147366,77 1
3147366,77 2
3147366,77 60 
3172568,5 111 
3173402,99 114 
3173441,57 60 
3216625,64 61 
3217643,23 62 
3218146,41 64 
3218626,39 121 
3219153,47 125 
3219673,27 66 
3220234,09 144 
3220238,65 144 
3220701,46 101 
3220702,79 100 
3220702,79 53 
3220726,11 2
3220726,11 1
3220726,11 2
3220726,11 60 
3220732,24 111 
3220786,24 114 
3220819,86 60 
3221194,83 61 
3222208,23 62 
3223071,15 64 
3223474,32 122 
3223982,06 125 
3224436,21 137 
3224506,14 65 
3225023 101 
3225076,8 8
3225076,8 52 
3225115,46 100 
3225115,46 52 
3225143,67 2
3225143,67 1
3225143,67 2
3225143,67 60 
3225562,94 61 
3226574,39 62 
3229412,37 64 
3229817,18 122 
3230351,55 125 
3230775,32 137 
3230870,07 66 
3231399,73 144 
3231401,51 144 
3231403,07 144 
3236052,99 101 
3236054,52 100 
3236054,52 52 
3236106,33 1
3236106,33 2
3236106,33 2
3236106,33 60 
3236454,07 112 
3236889,79 114 
3236920,62 60 
3237202,69 61 
3238221,08 62 
3238527,82 64 
3238878,4 123 
3239432,42 125 
3239761,35 137 
3239949,31 66 
3240482,29 144 
3240484,16 144 
3240485,11 144 
3243900,58 101 
3243902,13 100 
3243902,13 52 
3243935,82 2
3243935,82 2
3243935,82 2
3243935,82 60 
3244492,9 111 
3245555,27 114 
3245601,21 60 
3246025,45 61 
3247035,51 62 
3247846,18 64 
3248288,24 122 
3248806,07 125 
3249313,71 66 
3249448,8 137 
3249844,72 144 
3249846,03 144 
3249847,61 144 
3270434 101 
3270435,44 100 
3270435,44 52 
3270477,23 1
3270477,23 2
3270477,23 2
3270477,23 60 
3290152,18 111 
3329751,47 114 
3329790,15 60 
3330295,59 111 
3330367,32 114 
3330392,77 60 
3330411,43 112 
3330483,9 114 
3330506,37 60 
3332973,62 61 
3333988,2 62 
3335291,79 64 
3335711,52 121 
3336227,21 125 
3336530,68 137 
3336752,69 66 
3337303,23 144 
3337304,8 144 
3337305,88 144 
3337780,19 101 
3337781,4 100 
3337781,4 52 
3337820,91 1
3337820,91 2
3337820,91 2
3337820,91 60 
3337873,72 61 
3338887,81 62 
3339343,59 64 
3339733,98 123 
3340267,13 125 
3340754,87 137 
3340823,32 66 
3341335,45 144 
3341337,52 144 
3341339,18 144 
3344688,59 101 
3344690,85 100 
3344690,85 52 
3344735,22 1
3344735,22 1
3344735,22 1
3344735,22 60 
3345517,62 61 
3346534,02 62 
3346987,13 64 
3347305,8 123 
3347823,19 125 
3348325,62 137 
3348388,47 65 
3348862,89 144 
3348864,65 144 
3348866,01 144 
3349341,61 101 
3349342,83 100 
3349342,83 52 
3349383,71 1
3349383,71 2
3349383,71 2
3349383,71 60 
3349958,82 61 
3350967,62 62 
3352238,57 64 
3352616,55 123 
3353142,08 125 
3353549,62 137 
3353663,32 66 
3354214,75 144 
3354216,38 144 
3354219,98 144 
3356887,42 101 
3356888,9 100 
3356888,9 52 
3356932,21 1
3356932,21 2
3356932,21 2
3356932,21 60 
3357384,31 113 
3357478 114 
3357499,02 60 
3357654,64 61 
3358665,49 62 
3362020,94 64 
3362328,22 123 
3362828,46 125 
3363341,73 66 
3363530,21 137 
3363881,24 144 
3363882,83 144 
3363884,14 144 
3384694,44 101 
3384695,92 100 
3384695,92 52 
3384738,53 1
3384738,53 2
3384738,53 2
3384738,53 60 
3507988,13 61 
3508997,94 62 
3510537,64 64 
3510893,78 121 
3511424,49 125 
3511942,95 66 
3512497,32 144 
3512499,97 144 
3512738,72 144 
3512972,99 101 
3512974,14 100 
3512974,14 52 
3513015,21 1
3513015,21 2
3513015,21 1
3513015,21 60 
3513034 61 
3514069,12 62 
3519231,46 64 
3519667,62 121 
3520233,35 125 
3520707,52 137 
3520741,97 65 
3521292,13 144 
3521294,07 144 
3521295,14 144 
3521769,49 101 
3521770,78 100 
3521770,78 52 
3521810,29 1
3521810,29 2
3521810,29 2
3521810,29 60 
3522031,05 61 
3523042,99 62 
3523411,86 64 
3523818,07 121 
3524348,53 125 
3524699,42 137 
3524857,45 66 
3525408,38 144 
3525411,94 144 
3525413,49 144 
3525884,91 101 
3525886,12 100 
3525886,12 52 
3525925,39 1
3525925,39 2
3525925,39 2
3525925,39 60 
3525952,72 61 
3526977,32 62 
3527619,79 64 
3528055,54 121 
3528566,35 125 
3529018,36 137 
3529087,72 66 
3529641,69 144 
3529643,47 144 
3529645,3 144 
3530116,06 101 
3530117,27 100 
3530117,27 52 
3530157,59 1
3530157,59 1
3530157,59 2
3530157,59 60 
3530173,73 61 
3531191,94 62 
3533056,53 64 
3533517,99 122 
3534018,34 125 
3534379,8 137 
3534535,48 65 
3535068,6 144 
3535070,02 144 
3535071,52 144 
3535548,69 101 
3535550,03 100 
3535550,03 52 
3535572,85 1
3535572,85 2
3535572,85 2
3535572,85 60 
3535719,67 61 
3536738,44 62 
3537017,5 64 
3537394,81 122 
3537899,01 125 
3538419,61 65 
3538631,88 137 
3538952,3 144 
3538953,89 144 
3538955,28 144 
3539430,21 101 
3539431,38 100 
3539431,38 52 
3539456,23 2
3539456,23 2
3539456,23 1
3539456,23 60 
3539873,2 61 
3540888,02 62 
3541467,53 64 
3541925,62 122 
3542445,54 125 
3542887,21 137 
3542966,89 66 
3543199,42 133 
3543302,59 137 
3543500,93 144 
3543502,71 144 
3543504,08 144 
3545573,74 101 
3545575,63 100 
3545575,63 52 
3545619,17 1
3545619,17 2
3545619,17 2
3545619,17 60 
3546048,15 112 
3546126,33 114 
3546155,15 60 
3546424,93 61 
3547435,54 62 
3549097,4 64 
3549878,51 122 
3550411,31 125 
3550931,2 65 
3551511,38 144 
3551516,38 144 
3551531,02 144 
3551975,52 101 
3551976,64 100 
3551976,64 52 
3552017,38 1
3552017,38 1
3552017,38 2
3552017,38 60 
3552042,1 61 
3553075,01 62 
3553282,19 64 
3553645,87 122 
3554176,44 125 
3554569,9 137 
3554695,65 65 
3555041,6 133 
3555159,34 137 
3555262,71 144 
3555264,2 144 
3555265,19 144 
3555740,76 101 
3555741,9 100 
3555741,9 52 
3555784,12 2
3555784,12 2
3555784,12 1
3555784,12 60 
3555829,68 61 
3556849,85 62 
3556865,37 64 
3557397,93 122 
3557925,26 125 
3558291,62 137 
3558444,24 66 
3558493,78 133 
3558594,99 137 
3558998,02 144 
3558999,65 144 
3559001,33 144 
3559473,03 101 
3559474,15 100 
3559474,15 52 
3559515,67 1
3559515,67 2
3559515,67 2
3559515,67 60 
3559555,4 61 
3560585,12 62 
3560996,87 64 
3561390,04 122 
3561923,6 125 
3562444,6 65 
3563023,94 144 
3563028,01 144 
3563033,11 144 
3563489,09 101 
3563490,46 100 
3563490,46 52 
3563529,59 1
3563529,59 2
3563529,59 2
3563529,59 60 
3563764,43 61 
3564779,32 62 
3565073,28 64 
3565465,21 122 
3565974,19 125 
3566493,15 65 
3566502,73 137 
3566970,68 133 
3567113,15 144 
3567115,1 144 
3567116,55 144 
3567538,03 101 
3567540,31 100 
3567540,31 52 
3567578,66 2
3567578,66 2
3567578,66 2
3567578,66 60 
3567642,25 61 
3568661,27 62 
3568831,73 64 
3569228,75 122 
3569753,62 125 
3570273,36 66 
3570419,55 137 
3570825,04 144 
3570826,52 144 
3571301,86 101 
3571303,16 100 
3571303,16 52 
3571344,37 1
3571344,37 2
3571344,37 2
3571344,37 60 
3571363,35 61 
3572383,77 62 
3573771,8 64 
3574165,85 122 
3574685,56 125 
3575062,38 137 
3575206,19 65 
3575448,99 133 
3575524,89 137 
3575749,52 144 
3575750,83 144 
3575751,76 144 
3576234,63 101 
3576235,84 100 
3576235,84 52 
3576275,55 1
3576275,55 2
3576275,55 1
3576275,55 60 
3576452,46 61 
3577474,48 62 
3577584,03 64 
3578064,88 122 
3578584,48 125 
3579105,36 65 
3579141,57 137 
3579635,94 144 
3579637,27 144 
3579638,57 144 
3580117,09 101 
3580118,26 100 
3580118,26 52 
3580158,74 1
3580158,74 1
3580158,74 2
3580158,74 60 
3580287,67 61 
3581141,3 63 
3581157 60 
3581831,53 61 
3582842,12 62 
3583013 64 
3583476,73 122 
3584022,17 125 
3584470,17 137 
3584557,22 65 
3585090,88 144 
3585092,63 144 
3585093,92 144 
3585564,59 101 
3585565,73 100 
3585565,73 52 
3585605,78 1
3585605,78 2
3585605,78 2
3585605,78 60 
3585656,56 61 
3586675,74 62 
3587052,09 64 
3587359,71 122 
3587863,01 125 
3588385,24 65 
3588588,12 137 
3588938,16 144 
3588940,04 144 
3588941,28 144 
3589413,57 101 
3589414,83 100 
3589414,83 52 
3589454,95 1
3589454,95 2
3589454,95 1
3589454,95 60 
3589490,28 61 
3590508,59 62 
3590602,51 64 
3591093,93 122 
3591645,77 125 
3592023,98 137 
3592167,24 65 
3592715,83 144 
3592717,32 144 
3592718,29 144 
3593195,73 101 
3593196,94 100 
3593196,94 52 
3593237 2
3593237 1
3593237 2
3593237 60 
3593315,7 61 
3594313,32 63 
3594338,45 60 
3595032,03 61 
3596052,12 62 
3596253,64 64 
3596648,7 122 
3597194,84 125 
3597609,29 137 
3597714,27 66 
3598269,7 144 
3598271,68 144 
3598272,72 144 
3601044,66 101 
3601046,26 100 
3601046,26 52 
3601083,95 1
3601083,95 2
3601083,95 2
3601083,95 60 
3601796,08 61 
3602817,85 62 
3603149,51 64 
3603495,62 122 
3604008,59 125 
3604528,89 65 
3604731,68 137 
3605082,01 144 
3605084,06 144 
3605085,14 144 
3605559,12 101 
3605561,33 100 
3605561,33 52 
3605599,11 1
3605599,11 2
3605599,11 2
3605599,11 60 
3605686,43 61 
3606699,47 62 
3606738,26 64 
3607107,95 122 
3607623,36 125 
3608145,25 65 
3608239,95 137 
3608676,91 144 
3608678,55 144 
3608679,9 144 
3609156,02 101 
3609157,18 100 
3609157,18 52 
3609198,13 2
3609198,13 2
3609198,13 2
3609198,13 60 
3609360,71 61 
3610380,09 62 
3610903,87 64 
3611355,38 122 
3611895,49 125 
3612410,33 66 
3612550,83 137 
3612681,14 133 
3612779,78 137 
3612962,15 144 
3612963,72 144 
3612964,77 144 
3617780,96 101 
3617782,41 100 
3617782,41 52 
3617828,63 1
3617828,63 2
3617828,63 2
3617828,63 60 
3618142,91 112 
3618686,44 114 
3618728,07 60 
3619036,13 61 
3620046,03 62 
3620744,06 64 
3621316,78 123 
3621804,93 125 
3622190,28 137 
3622325,54 66 
3622856,35 144 
3622857,93 144 
3622859,31 144 
3623337,9 101 
3623339,18 100 
3623339,18 52 
3623360,69 1
3623360,69 2
3623360,69 2
3623360,69 60 
3624259,29 61 
3625275,26 62 
3634824,14 64 
3635203,52 121 
3635763,31 125 
3635890,12 137 
3636286,33 66 
3636837,78 144 
3636839,83 144 
3636841,41 144 
3637313,99 101 
3637315,18 100 
3637315,18 52 
3637356,65 2
3637356,65 2
3637356,65 2
3637356,65 60 
3685333,03 61 
3686355,39 62 
3686660,58 64 
3687098,73 121 
3687638,33 125 
3687930,01 137 
3688152,26 66 
3688709,04 144 
3688711,25 144 
3688712,97 144 
3690786,74 101 
3690788,29 100 
3690788,29 52 
3690837,77 1
3690837,77 1
3690837,77 2
3690837,77 60 
3691597,83 61 
3692619,61 62 
3693853,92 64 
3694281,03 123 
3694809,61 125 
3695250,69 137 
3695320,12 65 
3695869,4 144 
3695870,78 144 
3695872,12 144 
3696345,49 101 
3696346,69 100 
3696346,69 52 
3696385,94 1
3696385,94 2
3696385,94 1
3696385,94 60 
3696429,29 61 
3697456,88 62 
3698041,99 64 
3698387,83 123 
3698893,88 125 
3699415,6 66 
3699877,16 137 
3700017,92 144 
3700019,86 144 
3700020,93 144 
3706252,38 101 
3706254,25 100 
3706254,25 52 
3706299,16 1
3706299,16 1
3706299,16 1
3706299,16 60 
3706614,93 113 
3706672,66 114 
3706699,08 60 
3706994,2 61 
3708014,8 62 
3708668,38 64 
3709065,03 123 
3709563,02 125 
3710017,54 137 
3710077,89 65 
3710632,57 144 
3710634,63 144 
3710636,12 144 
3711107,52 101 
3711108,73 100 
3711108,73 52 
3711147,63 1
3711147,63 2
3711147,63 2
3711147,63 60 
3711235,04 61 
3712247,21 62 
3712679,99 64 
3712976,92 123 
3713491,5 125 
3713956,25 137 
3714025,99 66 
3714563,77 144 
3714565,42 144 
3714566,56 144 
3717747,57 101 
3717749,5 100 
3717749,5 52 
3717795,48 1
3717795,48 2
3717795,48 2
3717795,48 60 
3718076,78 113 
3718162,65 114 
3718198,23 60 
3718467,04 61 
3719480,06 62 
3720164,49 64 
3720580,05 123 
3721110,71 125 
3721482,02 137 
3721623,81 66 
3722178,21 144 
3722180,13 144 
3722181,68 144 
3724935,25 101 
3724936,74 100 
3724936,74 52 
3724976,58 2
3724976,58 2
3724976,58 2
3724976,58 60 
3725385,44 111 
3726354,26 114 
3726392,49 60 
3726927,69 61 
3727943,11 62 
3750969,97 64 
3750973,75 252 
3750973,75 101 
3750976,32 100 
3750976,32 52 
3750985,06 2
3750985,06 2
3750985,06 2
3750985,06 60 
3821789,04 111 
3822065,62 114 
3822111,26 60 
3822288,6 61 
3823311,93 62 
3823409,85 64 
3823914,13 123 
3824436,76 125 
3824779,43 137 
3824959,02 66 
3825506,6 144 
3825508,19 144 
3825509,34 144 
3844655,04 101 
3844656,44 100 
3844656,44 52 
3844703,83 2
3844703,83 2
3844703,83 2
3844703,83 60 
3885131,94 61 
3886142,41 62 
3886267,36 64 
3886616,65 123 
3887162,09 125 
3887433,36 137 
3887671,09 66 
3888219,23 144 
3888221,36 144 
3888222,47 144 
3890235,69 101 
3890237,19 100 
3890237,19 52 
3890273,09 2
3890273,09 2
3890273,09 2
3890273,09 60 
3890663,22 111 
3890958,02 114 
3891005,02 60 
3891259,3 61 
3892271,4 62 
3893857,69 64 
3894251,36 123 
3894789,01 125 
3894936,12 137 
3895299,79 66 
3895850,78 144 
3895852,23 144 
3895853,24 144 
3898970,86 101 
3898972,07 100 
3898972,07 52 
3899019,07 2
3899019,07 1
3899019,07 2
3899019,07 60 
3899416,11 111 
3899835,93 114 
3899870,86 60 
3900126,32 61 
3901137,1 62 
3901279,26 64 
3901719,32 123 
3902240,15 125 
3902656,06 137 
3902749,14 65 
3903272,26 144 
3903276,08 144 
3903277,49 144 
3903759,26 101 
3903760,6 100 
3903760,6 52 
3903800,98 2
3903800,98 1
3903800,98 2
3903800,98 60 
3904037,38 61 
3905050,65 62 
3905252,23 64 
3905657,53 123 
3906203,04 125 
3906605,88 137 
3906714,26 65 
3907248,43 101 
3907286,98 8
3907286,98 53 
3907363,98 100 
3907363,98 53 
3907383,03 1
3907383,03 2
3907383,03 2
3907383,03 60 
3907876,28 61 
3908899,14 62 
3909081,93 64 
3909444,95 123 
3909973,86 125 
3910496,66 65 
3911049,67 144 
3911051,39 144 
3911052,57 144 
3911524,03 101 
3911525,22 100 
3911525,22 53 
3911564,94 1
3911564,94 2
3911564,94 2
3911564,94 60 
3911654,92 61 
3912668,04 62 
3913439,48 64 
3913830,9 123 
3914340,07 125 
3914832,64 137 
3914861,38 65 
3915410,42 144 
3915411,86 144 
3915412,82 144 
3915889,2 101 
3915890,51 100 
3915890,51 53 
3915947,14 1
3915947,14 1
3915947,14 1
3915947,14 60 
3916057,23 61 
3917083,39 62 
3917435,17 64 
3917736,92 123 
3918283,82 125 
3918793,12 65 
3918873,43 137 
3919340,24 144 
3919342,04 144 
3919343,2 144 
3919820,65 101 
3919821,89 100 
3919821,89 53 
3919862,17 1
3919862,17 2
3919862,17 2
3919862,17 60 
3919946,62 61 
3920962,89 62 
3921072,29 64 
3921517,58 123 
3922035,13 125 
3922557,92 65 
3922649,11 137 
3923105,69 144 
3923107,57 144 
3923108,94 144 
3923570,78 101 
3923571,9 100 
3923571,9 53 
3923611,39 1
3923611,39 2
3923611,39 2
3923611,39 60 
3923851,38 61 
3924862,85 62 
3925244,19 64 
3925645,95 123 
3926183,05 125 
3926691,79 65 
3927181,05 137 
3927260,2 144 
3927261,86 144 
3927263,03 144 
3929175,86 101 
3929177,03 100 
3929177,03 53 
3929227,06 2
3929227,06 2
3929227,06 1
3929227,06 60 
3929872,44 61 
3930891,96 62 
3931566,91 64 
3931989,68 123 
3932556,8 125 
3933067,79 137 
3933139,36 66 
3933602,7 144 
3933604,28 144 
3933605,77 144 
3937815 101 
3937816,42 100 
3937816,42 53 
3937856,2 1
3937856,2 1
3937856,2 2
3937856,2 60 
3938609,31 61 
3939622,93 62 
3940707,49 64 
3949630,68 252 
3949630,68 101 
3949632,3 100 
3949632,3 53 
3949652,57 1
3949652,57 1
3949652,57 2
3949652,57 60 
3949658,6 61 
3950685,65 62 
3953483,19 64 
3960693,69 252 
3960693,69 101 
3960695,41 100 
3960695,41 53 
3960715,67 1
3960715,67 1
3960715,67 2
3960715,67 60 
4042929,36 61 
4043784,72 63 
4043804,58 60 
4069308,46 61 
4070329,08 62 
4070719,94 64 
4071109,26 121 
4071633,56 125 
4072143,41 65 
4072465,25 137 
4072691,59 144 
4072693,39 144 
4072694,77 144 
4073169,95 101 
4073171,07 100 
4073171,07 53 
4073211,68 1
4073211,68 2
4073211,68 2
4073211,68 60 
4073244,53 61 
4074261,84 62 
4076149,53 64 
4076563,02 121 
4077085,23 125 
4077385,51 137 
4077606,18 66 
4078157,68 144 
4078159,6 144 
4078160,76 144 
4080568,73 101 
4080570,38 100 
4080570,38 53 
4080609,11 2
4080609,11 2
4080609,11 2
4080609,11 60 
4081011,76 111 
4082443,79 114 
4082491,83 60 
4082772,86 61 
4083791,88 62 
4084018,77 64 
4084389,51 123 
4084939,02 125 
4085189,42 137 
4085456,19 66 
4086001,84 144 
4086003,4 144 
4086004,57 144 
4088170,04 101 
4088171,5 100 
4088171,5 53 
4088206,97 1
4088206,97 2
4088206,97 2
4088206,97 60 
4088586,06 112 
4088722,74 114 
4088773,2 60 
4089072,59 61 
4090089,26 62 
4091779,54 64 
4092437,02 121 
4092989,54 125 
4093243,92 137 
4093501,15 66 
4094049,06 144 
4094050,74 144 
4094051,77 144 
4094531,42 101 
4094532,65 100 
4094532,65 53 
4094571,44 1
4094571,44 2
4094571,44 2
4094571,44 60 
4094776,6 61 
4095788,84 62 
4099899,03 64 
4100344,67 121 
4100846,98 125 
4101366,69 66 
4101430,46 137 
4101914,59 144 
4101916,13 144 
4101917,14 144 
4103954,97 101 
4103956,63 100 
4103956,63 53 
4104002,54 1
4104002,54 2
4104002,54 2
4104002,54 60 
4104715,47 61 
4105734,48 62 
4106967,18 64 
4107438,78 121 
4107960,03 125 
4108344,28 137 
4108481,5 66 
4109012,71 144 
4109014,74 144 
4109015,81 144 
4110712,29 101 
4110713,82 100 
4110713,82 53 
4110750,54 1
4110750,54 2
4110750,54 1
4110750,54 60 
4111421,43 61 
4112433,7 62 
4135417,92 64 
4135419,81 252 
4135419,81 101 
4135421,36 100 
4135421,36 53 
4135441,12 1
4135441,12 2
4135441,12 1
4135441,12 60 
4159922,01 61 
4160932 62 
4161349,98 64 
4161706,11 121 
4162226,93 125 
4162746,91 66 
4162751,87 137 
4163294,4 144 
4163295,84 144 
4163297,18 144 
4165698,02 101 
4165699,62 100 
4165699,62 53 
4165747,81 1
4165747,81 2
4165747,81 2
4165747,81 60 
4166266,65 112 
4166356,89 114 
4166397,46 60 
4166756,51 61 
4167780,62 62 
4169613,88 64 
4177789,1 252 
4177789,1 101 
4177790,9 100 
4177790,9 53 
4177812,13 1
4177812,13 2
4177812,13 2
4177812,13 60 
4213653,57 61 
4214665,38 62 
4216111,33 64 
4216504,34 121 
4217022,32 125 
4217489,74 137 
4217557,52 66 
4218093,62 144 
4218095,31 144 
4218096,43 144 
4218573,42 101 
4218574,67 100 
4218574,67 53 
4218613,91 2
4218613,91 2
4218613,91 2
4218613,91 60 
4218843,36 61 
4219863,5 62 
4223004,28 64 
4223460,02 123 
4223969,6 125 
4224121,18 137 
4224491,75 66 
4225015,74 144 
4225018,93 144 
4225020,41 144 
4227815,2 101 
4227816,99 100 
4227816,99 53 
4227861,02 1
4227861,02 1
4227861,02 2
4227861,02 60 
4228216,79 111 
4228758,71 114 
4228794,91 60 
4255609,3 61 
4256620,14 62 
4256946,97 64 
4257377,02 121 
4257907,37 125 
4258416,01 65 
4258905,19 137 
4258978,51 144 
4258980,18 144 
4258981,82 144 
4259459,32 101 
4259460,6 100 
4259460,6 53 
4259501,4 1
4259501,4 1
4259501,4 1
4259501,4 60 
4259565,59 61 
4260582,83 62 
4260805,24 64 
4261189,13 121 
4261707,96 125 
4262068,03 137 
4262228,83 65 
4262794,28 144 
4262796,29 144 
4262797,23 144 
4266320,83 101 
4266322,45 100 
4266322,45 53 
4266364,66 2
4266364,66 2
4266364,66 2
4266364,66 60 
4266837,06 111 
4267553,55 114 
4267582,44 60 
4267938,96 61 
4268947,8 62 
4269391,5 64 
4269751,86 122 
4270252,7 125 
4270760,71 66 
4270975,65 137 
4271291,03 144 
4271292,63 144 
4271294,23 144 
4273126,92 101 
4273128,77 100 
4273128,77 53 
4273179,15 1
4273179,15 2
4273179,15 2
4273179,15 60 
4273497,26 112 
4273571,54 114 
4273596,75 60 
4273854,28 61 
4274863,51 62 
4275849,16 64 
4276269,68 122 
4276832,39 125 
4277165,05 137 
4277298,07 133 
4277378,9 66 
4277382,42 137 
4277865,57 144 
4277867,34 144 
4277868,45 144 
4280004,74 101 
4280006,25 100 
4280006,25 53 
4280044,36 1
4280044,36 1
4280044,36 2
4280044,36 60 
4280766,23 61 
4281776,79 62 
4283244,97 64 
4283694,5 122 
4284223,57 125 
4284551,71 137 
4284631 133 
4284761,39 66 
4284764,97 137 
4285288,26 144 
4285289,66 144 
4285290,58 144 
4287175,11 101 
4287176,62 100 
4287176,62 53 
4287224,57 1
4287224,57 2
4287224,57 2
4287224,57 60 
4287801,62 61 
4288824,65 62 
4289435,79 64 
4289843,92 122 
4290406,43 125 
4290529,51 137 
4290889,52 133 
4290977 66 
4290981,31 137 
4291445,6 144 
4291447,36 144 
4291448,39 144 
4293641,21 101 
4293642,93 100 
4293642,93 53 
4293689,08 1
4293689,08 2
4293689,08 2
4293689,08 60 
4294466,08 61 
4295488,25 62 
4296507,12 64 
4296885,89 122 
4297423,24 125 
4297628,17 137 
4297686,64 133 
4297728,76 137 
4297973,22 66 
4298481,81 144 
4298483,77 144 
4298484,93 144 
4302449,25 101 
4302451,07 100 
4302451,07 53 
4302486,31 1
4302486,31 2
4302486,31 1
4302486,31 60 
4303872,46 61 
4304885,23 62 
4305391,38 64 
4305823,66 121 
4306383,04 125 
4306504,74 137 
4306897,85 66 
4307446,85 144 
4307448,38 144 
4307449,75 144 
4311491,4 101 
4311493,04 100 
4311493,04 53 
4311534,3 2
4311534,3 2
4311534,3 2
4311534,3 60 
4312280,13 61 
4313298,37 62 
4314867,38 64 
4315297,65 122 
4315864,05 125 
4315935,55 137 
4316379,71 66 
4316925,87 144 
4316927,36 144 
4316928,33 144 
4324488,89 101 
4324490,64 100 
4324490,64 53 
4324528,97 1
4324528,97 2
4324528,97 2
4324528,97 60 
4325031,98 111 
4327088,35 114 
4327127,98 60 
4327446,6 61 
4328460,81 62 
4331242,98 64 
4331830,1 123 
4332366,43 125 
4332872,58 65 
4333145,31 137 
4333420,13 144 
4333421,72 144 
4333423,12 144 
4333901,15 101 
4333902,34 100 
4333902,34 53 
4333942,61 1
4333942,61 2
4333942,61 2
4333942,61 60 
4334046,83 61 
4335059,17 62 
4335199,68 64 
4335535,22 123 
4336066,34 125 
4336588,77 65 
4336643,79 137 
4337136,27 144 
4337138,35 144 
4337139,57 144 
4337616,39 101 
4337617,57 100 
4337617,57 53 
4337657,81 2
4337657,81 2
4337657,81 1
4337657,81 60 
4337752,52 61 
4338773,96 62 
4339158,01 64 
4339477,76 123 
4340015,95 125 
4340536,39 66 
4340581,57 137 
4341085,09 144 
4341086,39 144 
4341087,26 144 
4343089,93 101 
4343091,48 100 
4343091,48 53 
4343139,72 1
4343139,72 1
4343139,72 2
4343139,72 60 
4343499,84 113 
4343580,02 114 
4343607,31 60 
4343893,92 61 
4344905,7 62 
4345056,34 64 
4345439,94 123 
4345961,81 125 
4346486 65 
4347038,1 144 
4347039,46 144 
4347040,48 144 
4347512,64 101 
4347513,97 100 
4347513,97 53 
4347554,83 1
4347554,83 2
4347554,83 2
4347554,83 60 
4347615,27 61 
4348639,25 62 
4348983,92 64 
4349315,21 123 
4349844,8 125 
4350368,62 65 
4350583,13 137 
4350757,2 133 
4350937,87 144 
4350939,47 144 
4350941,09 144 
4351412,94 101 
4351414,16 100 
4351414,16 53 
4351453,48 2
4351453,48 1
4351453,48 2
4351453,48 60 
4351627,46 61 
4352637,96 62 
4352776,34 64 
4353135,96 123 
4353685,19 125 
4354200,52 66 
4354451,5 137 
4354748,6 144 
4354750,39 144 
4354751,63 144 
4356823,12 101 
4356825,11 100 
4356825,11 53 
4356869,26 1
4356869,26 2
4356869,26 2
4356869,26 60 
4357180,9 113 
4357274,32 114 
4357317,91 60 
4357541,98 61 
4358550,25 62 
4358844,94 64 
4359171,52 123 
4359678,85 125 
4360055 137 
4360197,98 65 
4360745,55 144 
4360747,08 144 
4360748,07 144 
4360768,57 101 
4360784,98 102 
4362697,29 67 
4364434,39 67 
4366262,69 67 
4367950,17 67 
4369732,7 67 
4371293,57 67 
4373070,06 67 
4374658,2 67 
4376277,75 67 
4378171,23 67 
4379891,4 67 
4381281,07 67 
4383044,35 67 
4384830,58 67 
4386396,69 67 
4388091,83 67 
4389997,13 67 
4392343,6 67 
4394402,57 67 
4396011,07 67 
4397839 67 
4399710,42 67 
4401512,59 67 
4403576,06 67 
4405365,96 67 
4407222,09 67 
4409021,96 67 
4410958,79 67 
4412986,3 67 
4415277,18 67 
4417154,44 67 
4419067,29 67 
