TotalRequired,  200
t_hold_target,  450
T_Hold_Lev,  1000


64,02 8
64,02 51 
122,95 100 
122,95 51 
138,3 1
138,3 2
138,3 1
138,3 60 
4291 61 
5302,85 62 
9911,85 64 
15309,11 252 
15309,11 101 
15311,2 100 
15311,2 51 
15333,36 1
15333,36 2
15333,36 1
15333,36 60 
15337,48 61 
15817 63 
15832,24 60 
16207,15 61 
16229,83 63 
16247,21 60 
20448,87 61 
21462,69 62 
25401,07 64 
31469,83 252 
31469,83 101 
31471,56 100 
31471,56 51 
31492,56 1
31492,56 2
31492,56 1
31492,56 60 
33426,98 61 
34441,26 62 
41676,99 64 
44449,74 252 
44449,74 101 
44451,48 100 
44451,48 51 
44471,97 1
44471,97 2
44471,97 1
44471,97 60 
47077,87 61 
48089,5 62 
50314,61 64 
58095,41 252 
58095,41 101 
58097,05 100 
58097,05 51 
58116,89 1
58116,89 2
58116,89 1
58116,89 60 
65664,26 61 
66416,66 63 
66430,49 60 
66759,17 61 
66779,03 63 
66797,43 60 
67232,78 111 
67811,57 114 
67847,37 60 
92291,07 61 
93304,28 62 
98699,02 64 
103313,84 252 
103313,84 101 
103315,63 100 
103315,63 51 
103335,5 1
103335,5 2
103335,5 1
103335,5 60 
103340,19 61 
104329,91 63 
104351,66 60 
116887,19 111 
117441 114 
117480,65 60 
121805,98 61 
122830,36 62 
127033,13 64 
132836,95 252 
132836,95 101 
132838,86 100 
132838,86 51 
132859,89 1
132859,89 2
132859,89 1
132859,89 60 
145993,03 61 
147003,25 62 
150485,15 64 
157012,7 252 
157012,7 101 
157014,33 100 
157014,33 51 
157034,47 1
157034,47 2
157034,47 1
157034,47 60 
157074,64 111 
157636,11 114 
157668,61 60 
170630,58 111 
170715,6 114 
170763,19 60 
171632,25 111 
171744,91 114 
171780,35 60 
180938,74 61 
181958,95 62 
186388,57 64 
191968,38 252 
191968,38 101 
191970,12 100 
191970,12 51 
191990,93 1
191990,93 2
191990,93 1
191990,93 60 
212424,96 61 
213432,82 62 
214100,99 64 
214315,28 121 
214392,19 124 
214970,92 121 
215263,56 124 
225273,44 252 
225273,44 101 
225275,17 100 
225275,17 51 
225295,7 1
225295,7 2
225295,7 1
225295,7 60 
240452,92 61 
241473,38 62 
242904,18 64 
243211,66 121 
243733,18 125 
243909,75 137 
244253,4 65 
244517,67 144 
244520,31 144 
244521,78 144 
244982,24 101 
244983,68 100 
244983,68 51 
245022,14 1
245022,14 2
245022,14 2
245022,14 60 
245484,71 61 
246504,67 62 
246863,23 64 
247090,88 121 
247640,09 125 
248041,12 137 
248151,1 65 
248400,02 144 
248401,65 144 
248402,83 144 
248879,25 101 
248880,5 100 
248880,5 51 
248921,11 1
248921,11 2
248921,11 2
248921,11 60 
249017,5 61 
249087,3 63 
249104,13 60 
249490,05 61 
250344,41 63 
250353,49 60 
250619,27 111 
251341,17 114 
251386,66 60 
251491,1 61 
252502,81 62 
252777,97 64 
253083,78 121 
253638,57 125 
254027,41 137 
254150,5 65 
254399,04 144 
254400,66 144 
254401,86 144 
254877,56 101 
254878,88 100 
254878,88 51 
254920,13 2
254920,13 1
254920,13 2
254920,13 60 
255533,15 61 
256552,1 62 
256906,48 64 
257120,68 121 
257642,43 125 
258164,84 66 
258219,28 137 
258414,19 144 
258415,6 144 
258416,71 144 
258892,36 101 
258893,58 100 
258893,58 51 
258934,41 1
258934,41 2
258934,41 2
258934,41 60 
258993,95 61 
259061,62 63 
259084,08 60 
259468,6 61 
260483,91 62 
263052,59 64 
270491,25 252 
270491,25 101 
270493,08 100 
270493,08 51 
270513,63 1
270513,63 2
270513,63 2
270513,63 60 
271485,09 61 
272495,4 62 
273488,59 64 
273748,86 121 
274268,28 125 
274777,41 65 
275045,67 144 
275047,66 144 
275453,86 144 
275521,31 101 
275522,52 100 
275522,52 51 
275563,28 1
275563,28 2
275563,28 2
275563,28 60 
275895,81 61 
276911,82 62 
277168,73 64 
277474,02 121 
278026,04 125 
278361,5 137 
278541,38 65 
278789,62 144 
278791,48 144 
278793,18 144 
279269,61 101 
279271,45 100 
279271,45 51 
279310,98 1
279310,98 1
279310,98 2
279310,98 60 
279804,05 61 
280817,11 63 
280828,01 60 
281053,28 111 
281608,11 114 
281660,03 60 
282417,01 112 
282483,22 114 
282511,24 60 
282530,33 61 
283243,64 63 
283260,3 60 
297620,12 61 
298638,05 62 
299011,04 64 
299259,32 121 
299815,51 125 
300037,02 137 
300334,14 65 
300589,7 144 
300591,27 144 
300592,6 144 
302515,88 101 
302517,44 100 
302517,44 51 
302552,74 2
302552,74 2
302552,74 2
302552,74 60 
302839,16 111 
303999,72 114 
304036,2 60 
304887,11 61 
305901,6 62 
306594,82 64 
306892,11 121 
307450,51 125 
307966,04 66 
308233,24 144 
308235,44 144 
308693,03 101 
308694,27 100 
308694,27 51 
308718,05 1
308718,05 2
308718,05 2
308718,05 60 
308723,36 111 
308999,73 114 
309034,3 60 
309416,33 61 
310433,57 62 
311316,65 64 
320442,5 252 
320442,5 101 
320444,3 100 
320444,3 51 
320464,62 1
320464,62 2
320464,62 2
320464,62 60 
355669,16 113 
356172,64 114 
356218,71 60 
356337,78 61 
357350,78 62 
359414,63 64 
367360,03 252 
367360,03 101 
367361,8 100 
367361,8 51 
367381,8 1
367381,8 2
367381,8 2
367381,8 60 
373663,99 61 
374613,77 63 
374629,2 60 
374847,49 111 
375306,44 114 
375345,86 60 
390169,61 61 
391191,18 62 
394243,31 64 
401198,06 252 
401198,06 101 
401199,81 100 
401199,81 51 
401221,13 1
401221,13 2
401221,13 2
401221,13 60 
403910,72 111 
404822,28 114 
404869,58 60 
405330,13 61 
406352,05 62 
409888,77 64 
416359,95 252 
416359,95 101 
416362,4 100 
416362,4 51 
416382,21 1
416382,21 2
416382,21 2
416382,21 60 
428021,39 61 
429030,26 62 
430667,93 64 
430925,81 121 
431490,97 125 
431666,68 137 
432007,71 65 
432254,7 144 
432256,08 144 
432257,81 144 
432735,24 101 
432736,46 100 
432736,46 51 
432777,07 1
432777,07 2
432777,07 1
432777,07 60 
433672,73 61 
434692,63 62 
435267,31 64 
435515,28 121 
436034,57 125 
436556,85 65 
436811,54 144 
436813,34 144 
437283,16 101 
437284,47 100 
437284,47 51 
437308,85 1
437308,85 2
437308,85 2
437308,85 60 
437313,68 111 
437482,86 114 
437526,73 60 
437894,72 61 
438908,35 62 
438972,85 64 
439276,53 121 
439797,56 125 
440037,61 137 
440304,39 65 
440552,59 144 
440554,28 144 
440555,69 144 
441074,36 101 
441075,73 100 
441075,73 51 
441125,95 1
441125,95 2
441125,95 2
441125,95 60 
441531,68 61 
442542,65 62 
442771,37 64 
443051,53 121 
443580,61 125 
444048,45 137 
444105,12 65 
444352,96 144 
444354,82 144 
444356,35 144 
444921,45 101 
444922,92 100 
444922,92 51 
444958,25 2
444958,25 2
444958,25 2
444958,25 60 
445381,14 61 
446390,96 62 
446774,83 64 
446994,75 121 
447554,19 125 
447886,29 137 
448069,43 66 
448316,75 144 
448318,34 144 
448319,65 144 
448796,4 101 
448798,52 100 
448798,52 51 
448839,43 1
448839,43 1
448839,43 2
448839,43 60 
448876,99 61 
449907,19 62 
450326,93 64 
450578,51 121 
451096,69 125 
451573,49 137 
451642,33 65 
451867,25 144 
451868,87 144 
451870,04 144 
452346,01 101 
452347,15 100 
452347,15 51 
452387,24 1
452387,24 2
452387,24 2
452387,24 60 
452846,43 61 
453855,45 62 
453983,53 64 
454218,97 121 
454742,41 125 
455169,03 137 
455250,64 65 
455481,51 144 
455482,93 144 
455484,16 144 
455963,7 101 
455964,97 100 
455964,97 51 
456002,55 1
456002,55 2
456002,55 1
456002,55 60 
456414,74 61 
457400,17 63 
457418,58 60 
457685,3 111 
458244,55 114 
458285,98 60 
458455,41 61 
459467,31 62 
460431,89 64 
460826,81 121 
461355,43 125 
461866,62 65 
462119,28 144 
462121,24 144 
462415,7 144 
462593,67 101 
462596,01 100 
462596,01 51 
462633,71 1
462633,71 1
462633,71 1
462633,71 60 
462847,86 61 
463867,22 62 
464007,01 64 
464266,06 121 
464829,36 125 
465346,68 65 
465567,56 144 
465569,23 144 
465570,26 144 
466058,41 101 
466059,58 100 
466059,58 51 
466099,39 1
466099,39 2
466099,39 2
466099,39 60 
466566,89 61 
467582,63 62 
467788,05 64 
468035,57 121 
468596,44 125 
468980,9 137 
469112,38 65 
469360,11 144 
469361,59 144 
469363,07 144 
469840,45 101 
469841,72 100 
469841,72 51 
469882,26 1
469882,26 2
469882,26 2
469882,26 60 
470235,77 61 
471247,47 62 
471334,52 64 
471598,9 121 
472120,93 125 
472644,31 65 
472670,42 137 
472875,75 144 
472877,09 144 
472878,55 144 
473356,05 101 
473357,22 100 
473357,22 51 
473397,02 2
473397,02 2
473397,02 2
473397,02 60 
473752,14 61 
474763,14 62 
474824,9 64 
475149,16 121 
475653,22 125 
476082,35 137 
476175,1 66 
476408,46 144 
476409,93 144 
476411,31 144 
476888,65 101 
476889,78 100 
476889,78 51 
476930 1
476930 2
476930 2
476930 60 
477492,9 61 
478512,18 62 
483432,36 64 
483690,89 121 
484214,5 125 
484722,69 65 
484824,66 137 
484956,58 144 
484958,44 144 
484959,93 144 
485435,27 101 
485436,55 100 
485436,55 51 
485476,2 1
485476,2 2
485476,2 2
485476,2 60 
486135,35 61 
487143,24 62 
487276,93 64 
487578,9 121 
488084,73 125 
488400,84 137 
488605,04 65 
488838,53 144 
488840,15 144 
488841,21 144 
489317,6 101 
489318,91 100 
489318,91 51 
489358,28 1
489358,28 1
489358,28 2
489358,28 60 
490832,34 61 
490891,7 63 
490907,59 60 
491177,23 111 
493037,28 114 
493073,98 60 
493134,65 61 
494156,9 62 
494887,36 64 
495144,23 121 
495675,49 125 
496062,88 137 
496187,05 65 
496417,9 144 
496419,63 144 
496421,08 144 
496898,07 101 
496899,23 100 
496899,23 51 
496939,22 2
496939,22 2
496939,22 2
496939,22 60 
498139,64 111 
499009,41 114 
499055,14 60 
499359,9 61 
500372,63 62 
502326,69 64 
502563,1 121 
503092,26 125 
503599,73 66 
503682,33 137 
503849,51 144 
503851,19 144 
503853,08 144 
504329,12 101 
504330,37 100 
504330,37 51 
504371,21 1
504371,21 2
504371,21 2
504371,21 60 
505093,41 61 
506105,47 62 
511790,78 64 
516110,67 252 
516110,67 101 
516112,48 100 
516112,48 51 
516132,71 1
516132,71 2
516132,71 2
516132,71 60 
532723,22 61 
533743,08 62 
542308,51 64 
543751,71 252 
543751,71 101 
543753,54 100 
543753,54 51 
543773,56 1
543773,56 2
543773,56 2
543773,56 60 
567633,92 111 
568421,59 114 
568465,5 60 
568919,58 61 
569930,7 62 
570420,71 64 
570661,53 123 
571189,17 125 
571434,91 137 
571711,48 66 
571961,21 144 
571962,89 144 
571964,3 144 
572439,08 101 
572440,24 100 
572440,24 51 
572481,01 1
572481,01 2
572481,01 1
572481,01 60 
572562,81 61 
573580,9 62 
573884,9 64 
574190,81 121 
574721,16 125 
575068,67 137 
575245,17 65 
575475,15 144 
575476,63 144 
575477,85 144 
575956,11 101 
575957,31 100 
575957,31 51 
575996,23 1
575996,23 2
575996,23 2
575996,23 60 
576416,85 61 
577429,31 62 
577613,38 64 
577897,91 121 
578420,59 125 
578764,99 137 
578942,37 65 
579168,32 144 
579169,91 144 
579171,03 144 
579653,63 101 
579654,83 100 
579654,83 51 
579695,1 1
579695,1 2
579695,1 2
579695,1 60 
580159,88 61 
581178,05 62 
581264,83 64 
581567,03 121 
582085,6 125 
582410,79 137 
582608,8 65 
582856,22 144 
582857,6 144 
582858,58 144 
583523,13 101 
583525,15 100 
583525,15 51 
583560,54 2
583560,54 1
583560,54 1
583560,54 60 
583989,23 61 
585009,85 62 
585071,4 64 
585348,05 121 
585894,4 125 
586405,8 137 
586472,83 66 
586654,76 144 
586656,4 144 
586657,85 144 
587135,53 101 
587136,82 100 
587136,82 51 
587176,64 1
587176,64 2
587176,64 2
587176,64 60 
599416,07 111 
600950,25 114 
600988,06 60 
601087,71 112 
601247,45 114 
601289,17 60 
651088,94 111 
651334,22 114 
651371,48 60 
651495,39 111 
652997,86 114 
653037,34 60 
654312,8 61 
655319,65 62 
660606,61 64 
665327,85 252 
665327,85 101 
665329,8 100 
665329,8 51 
665350,3 1
665350,3 2
665350,3 2
665350,3 60 
707357,17 111 
707447 114 
707486,32 60 
708368,94 111 
708749,17 114 
708785,72 60 
709157,89 61 
710167,79 62 
717277,73 64 
720176,16 252 
720176,16 101 
720177,92 100 
720177,92 51 
720198,97 1
720198,97 2
720198,97 2
720198,97 60 
770087,98 61 
771100,19 62 
772598,47 64 
772880,14 122 
773443,77 125 
773485,18 137 
773961,02 66 
774209,37 144 
774210,95 144 
774212,36 144 
777032,08 101 
777033,43 100 
777033,43 51 
777081,18 1
777081,18 2
777081,18 1
777081,18 60 
786235,7 111 
787587,46 114 
787626,55 60 
787789,53 112 
787929,59 114 
787977,3 60 
803529,91 61 
804537,08 62 
804554,63 64 
814546,96 252 
814546,96 101 
814548,86 100 
814548,86 51 
814567,88 1
814567,88 2
814567,88 1
814567,88 60 
902737,31 61 
903754,92 62 
917560,53 64 
917562,41 252 
917562,41 101 
917566,24 100 
917566,24 51 
917583,77 1
917583,77 2
917583,77 1
917583,77 60 
1016030,4 61 
1017051,06 62 
1018396,4 64 
1018686,39 121 
1019250,53 125 
1019456,88 137 
1019764,57 65 
1020012,91 144 
1020014,44 144 
1020015,75 144 
1020492,73 101 
1020493,91 100 
1020493,91 51 
1020534,24 1
1020534,24 2
1020534,24 2
1020534,24 60 
1021043,7 61 
1022065,46 62 
1022256,74 64 
1022579,62 121 
1023148,55 125 
1023612,31 137 
1023676,3 65 
1023901,52 144 
1023903,09 144 
1023904,25 144 
1024377,91 101 
1024379,44 100 
1024379,44 51 
1024418,44 1
1024418,44 1
1024418,44 2
1024418,44 60 
1024955,24 61 
1025966,43 62 
1026021,73 64 
1026387,25 121 
1026904,68 125 
1027429,18 65 
1027434,67 137 
1027675,89 144 
1027677,18 144 
1027678,96 144 
1028156,95 101 
1028158,29 100 
1028158,29 51 
1028198,63 1
1028198,63 2
1028198,63 2
1028198,63 60 
1028675,65 61 
1029696,12 62 
1029862,5 64 
1030143,58 121 
1030670,07 125 
1031176,57 65 
1031179,36 137 
1031425,97 144 
1031428,28 144 
1031429,57 144 
1031906,43 101 
1031907,62 100 
1031907,62 51 
1031946,19 1
1031946,19 2
1031946,19 2
1031946,19 60 
1032487,09 61 
1033497,38 62 
1033997,37 64 
1034277,46 121 
1034840,16 125 
1035146,81 137 
1035357,93 65 
1035607,19 144 
1035608,81 144 
1035611,2 144 
1036086,8 101 
1036087,99 100 
1036087,99 51 
1036128,08 1
1036128,08 2
1036128,08 1
1036128,08 60 
1036458,3 61 
1037478,45 62 
1037750,66 64 
1038082,07 121 
1038608,67 125 
1039070,27 137 
1039139,11 65 
1039387,6 144 
1039389,8 144 
1039390,82 144 
1039851,96 101 
1039853,17 100 
1039853,17 51 
1039893,5 1
1039893,5 2
1039893,5 2
1039893,5 60 
1040308,29 61 
1041326,29 62 
1041511,55 64 
1041833,6 121 
1042358,44 125 
1042872,52 65 
1042875,22 137 
1043120,89 144 
1043122,49 144 
1043123,92 144 
1043602,07 101 
1043603,23 100 
1043603,23 51 
1043642,66 2
1043642,66 1
1043642,66 2
1043642,66 60 
1044474,46 61 
1045494,1 62 
1045581,92 64 
1045853,69 121 
1046407,35 125 
1046834,5 137 
1046921,43 66 
1047170,33 144 
1047171,78 144 
1047172,87 144 
1047650,15 101 
1047651,37 100 
1047651,37 51 
1047690,94 2
1047690,94 2
1047690,94 2
1047690,94 60 
1047746,72 61 
1048760,53 62 
1049156,01 64 
1049441,33 121 
1049964,07 125 
1050487,59 66 
1050742,36 144 
1050744,57 144 
1051100,16 144 
1051219,24 101 
1051220,5 100 
1051220,5 51 
1051257,38 1
1051257,38 2
1051257,38 2
1051257,38 60 
1051842,95 61 
1052855,28 62 
1053392,65 64 
1053650,29 121 
1054179,61 125 
1054701,49 65 
1054714,78 137 
1054951,04 144 
1054952,83 144 
1054954,19 144 
1055917,01 101 
1055918,22 100 
1055918,22 51 
1055954,97 2
1055954,97 2
1055954,97 2
1055954,97 60 
1056013,86 61 
1056054,61 63 
1056071,48 60 
1056467,2 61 
1057290,12 63 
1057304,36 60 
1057534,97 111 
1058047,94 114 
1058088,17 60 
1058142,96 61 
1059154,42 62 
1059460,46 64 
1059722,55 121 
1060256,46 125 
1060647,88 137 
1060766,36 66 
1061015,78 144 
1061017,06 144 
1061018,13 144 
1065008,04 101 
1065009,33 100 
1065009,33 51 
1065051,88 1
1065051,88 1
1065051,88 2
1065051,88 60 
1065297,91 111 
1066844,88 114 
1066884,63 60 
1074690,95 61 
1075700,37 62 
1076951,56 64 
1077175,71 123 
1077703,86 125 
1078056,35 137 
1078210,8 66 
1078442,39 144 
1078443,77 144 
1078444,66 144 
1078923,45 101 
1078924,74 100 
1078924,74 51 
1078964,35 2
1078964,35 1
1078964,35 2
1078964,35 60 
1079309,12 61 
1080329,7 62 
1082789,49 64 
1083068,77 122 
1083586,69 125 
1084108,55 65 
1084208,58 137 
1084358,64 144 
1084360,22 144 
1084361,68 144 
1084837,07 101 
1084838,42 100 
1084838,42 51 
1084879,77 1
1084879,77 1
1084879,77 1
1084879,77 60 
1085393,03 61 
1086411,16 62 
1086914,34 64 
1087153,8 122 
1087683,65 125 
1088009,49 137 
1088192,25 65 
1088426,46 101 
1088481,4 8
1088481,4 52 
1088554,6 100 
1088554,6 52 
1088577,83 1
1088577,83 2
1088577,83 2
1088577,83 60 
1089264,45 61 
1090211,28 63 
1090226,76 60 
1090525,13 112 
1090838,08 114 
1090876,53 60 
1091029,2 61 
1091984,88 63 
1091994,4 60 
1092206,89 112 
1092663,7 114 
1092709,33 60 
1093289,13 61 
1094308,56 62 
1094901,07 64 
1095131,66 122 
1095677,11 125 
1095924,06 137 
1096187,65 65 
1096436,11 144 
1096437,78 144 
1096439,58 144 
1096916,32 101 
1096917,46 100 
1096917,46 52 
1096957,91 2
1096957,91 2
1096957,91 1
1096957,91 60 
1097223,16 61 
1098164,34 63 
1098175,16 60 
1098422,72 112 
1098691,46 114 
1098740,71 60 
1098787,08 61 
1099806,89 62 
1099906,45 64 
1100252,96 122 
1100807,32 125 
1101320,75 66 
1101407,84 137 
1101551,95 144 
1101553,33 144 
1101554,75 144 
1102032,86 101 
1102034 100 
1102034 52 
1102073 1
1102073 2
1102073 2
1102073 60 
1102261,86 61 
1103274,16 62 
1103731,63 64 
1103979,97 122 
1104526,65 125 
1104982,89 137 
1105050,44 65 
1105283,91 144 
1105285,49 144 
1105286,75 144 
1105764 101 
1105765,14 100 
1105765,14 52 
1105805,27 1
1105805,27 1
1105805,27 2
1105805,27 60 
1106106,69 61 
1107120,54 62 
1107920,38 64 
1108159,2 122 
1108678,89 125 
1109150,91 137 
1109216,43 65 
1109450,73 144 
1109452,23 144 
1109453,47 144 
1109929,2 101 
1109930,44 100 
1109930,44 52 
1109971,83 2
1109971,83 2
1109971,83 2
1109971,83 60 
1110407,65 61 
1111407,29 63 
1111420,96 60 
1111685,54 112 
1112820,11 114 
1112854,5 60 
1113010,96 61 
1113928,7 63 
1113952,37 60 
1114255,18 112 
1114336,68 114 
1114358,44 60 
1114579,33 61 
1115601,72 62 
1117644,08 64 
1117866,15 122 
1118392,36 125 
1118726,71 137 
1118913,56 66 
1119162,75 144 
1119164,02 144 
1119164,91 144 
1119642,49 101 
1119643,91 100 
1119643,91 52 
1119683,82 1
1119683,82 2
1119683,82 1
1119683,82 60 
1143888,61 61 
1144908,87 62 
1145631,43 64 
1154918,05 252 
1154918,05 101 
1154919,74 100 
1154919,74 52 
1154938,75 1
1154938,75 2
1154938,75 1
1154938,75 60 
1182041,69 61 
1183064,04 62 
1183928,05 64 
1184210,43 121 
1184736,65 125 
1184990,59 137 
1185258,5 65 
1185526,12 144 
1185527,6 144 
1185528,73 144 
1186003,81 101 
1186004,96 100 
1186004,96 52 
1186046,86 1
1186046,86 1
1186046,86 2
1186046,86 60 
1186082 61 
1186113,4 63 
1186128,71 60 
1186557,7 61 
1187577,55 62 
1187739,57 64 
1188050,69 121 
1188571,36 125 
1188877,92 137 
1189090,71 66 
1189315,26 144 
1189316,8 144 
1189318,03 144 
1189814,07 101 
1189815,21 100 
1189815,21 52 
1189860,78 1
1189860,78 2
1189860,78 2
1189860,78 60 
1190135,59 111 
1190811,22 114 
1190826,96 60 
1190895,81 61 
1191909,46 62 
1192682,85 64 
1192970,68 121 
1193470,64 125 
1193876,54 137 
1193989,96 66 
1194243,54 144 
1194245,46 144 
1194246,5 144 
1194718,16 101 
1194719,4 100 
1194719,4 52 
1194758,69 1
1194758,69 2
1194758,69 2
1194758,69 60 
1194887,06 61 
1195908,77 62 
1197615,63 64 
1197864,1 121 
1198382,01 125 
1198905,93 66 
1199159,42 144 
1199161,45 144 
1199632,64 101 
1199633,91 100 
1199633,91 52 
1199657,68 1
1199657,68 2
1199657,68 2
1199657,68 60 
1199662,97 111 
1200043,26 114 
1200090,65 60 
1200208,98 61 
1201222,88 62 
1212669,49 64 
1212671,3 252 
1212671,3 101 
1212674,18 100 
1212674,18 52 
1212686,48 1
1212686,48 2
1212686,48 2
1212686,48 60 
1306722,74 61 
1307737,68 62 
1309095,1 64 
1309338,29 121 
1309862,14 125 
1310386,23 66 
1310587,83 144 
1310589,54 144 
1310629,6 144 
1311079,08 101 
1311080,27 100 
1311080,27 52 
1311120,83 2
1311120,83 2
1311120,83 2
1311120,83 60 
1311148,5 61 
1312174,98 62 
1319620,65 64 
1322179,3 252 
1322179,3 101 
1322181,06 100 
1322181,06 52 
1322200,54 2
1322200,54 2
1322200,54 2
1322200,54 60 
1345266,87 61 
1346276,28 62 
1356478,85 64 
1356480,61 252 
1356480,61 101 
1356483,65 100 
1356483,65 52 
1356505,78 2
1356505,78 2
1356505,78 2
1356505,78 60 
1376398,92 112 
1376471,43 114 
1376499,27 60 
1376524,84 61 
1377537,56 62 
1377655,79 64 
1378352,46 122 
1378454,52 124 
1388456,43 252 
1388456,43 101 
1388458,32 100 
1388458,32 52 
1388479,71 2
1388479,71 2
1388479,71 2
1388479,71 60 
1398078,5 112 
1398162,22 114 
1398208,77 60 
1398235,7 61 
1399258,88 62 
1401352,86 64 
1409267,22 252 
1409267,22 101 
1409269,08 100 
1409269,08 52 
1409288,3 2
1409288,3 2
1409288,3 2
1409288,3 60 
1447096,21 61 
1448108,77 62 
1449038,33 64 
1449252,11 123 
1449780,63 125 
1450220,32 137 
1450288,89 66 
1450537,55 144 
1450538,99 144 
1450539,97 144 
1451016,77 101 
1451018,16 100 
1451018,16 52 
1451057,93 1
1451057,93 2
1451057,93 2
1451057,93 60 
1451135,11 111 
1451329,14 114 
1451374,57 60 
1451618,34 111 
1451694,28 114 
1451741,36 60 
1451831,33 61 
1452839,93 62 
1452983,18 64 
1453317,62 121 
1453846,19 125 
1454150,61 137 
1454353,08 66 
1454585,51 144 
1454586,78 144 
1454587,94 144 
1455064,66 101 
1455065,87 100 
1455065,87 52 
1455106,77 1
1455106,77 2
1455106,77 2
1455106,77 60 
1455143,28 61 
1455252,22 63 
1455273,08 60 
1455859,35 61 
1456872,84 62 
1457593,98 64 
1457882,82 121 
1458411,01 125 
1458588,55 137 
1458919,98 66 
1459167 144 
1459168,43 144 
1459169,64 144 
1459646,73 101 
1459647,98 100 
1459647,98 52 
1459688,59 1
1459688,59 2
1459688,59 2
1459688,59 60 
1532848,49 61 
1533863,43 62 
1535228,43 64 
1543873,05 252 
1543873,05 101 
1543874,79 100 
1543874,79 52 
1543894,45 1
1543894,45 2
1543894,45 2
1543894,45 60 
1577200,91 112 
1579104,35 114 
1579150,34 60 
1743210,23 61 
1744228,92 62 
1744736,16 64 
1744997,37 121 
1745519,36 125 
1745942,67 137 
1746041,59 66 
1746288,96 144 
1746290,32 144 
1746291,29 144 
1746769 101 
1746770,24 100 
1746770,24 52 
1746810,76 1
1746810,76 1
1746810,76 2
1746810,76 60 
1747151,03 61 
1748160,2 62 
1748695,6 64 
1749004,88 122 
1749516,16 125 
1749990,67 137 
1750048,9 65 
1750256 144 
1750258,04 144 
1750259,45 144 
1750735,83 101 
1750737,02 100 
1750737,02 52 
1750775,96 1
1750775,96 2
1750775,96 2
1750775,96 60 
1751176,1 61 
1752192,19 62 
1752464,03 64 
1752800,99 122 
1753362,26 125 
1753635,69 137 
1753873,27 65 
1754138,04 144 
1754139,75 144 
1754141,2 144 
1754617,95 101 
1754619,19 100 
1754619,19 52 
1754657,92 2
1754657,92 2
1754657,92 1
1754657,92 60 
1755078,29 61 
1756091,09 62 
1756248,75 64 
1756583,08 122 
1757138,9 125 
1757654,46 66 
1757784,14 137 
1757895,89 144 
1757899,26 144 
1757900,48 144 
1758381,61 101 
1758382,78 100 
1758382,78 52 
1758423,51 1
1758423,51 2
1758423,51 1
1758423,51 60 
1758582,01 61 
1759591,8 62 
1760036,29 64 
1760330,59 122 
1760869,5 125 
1761210,99 137 
1761384,89 65 
1761641,67 144 
1761643,31 144 
1761644,46 144 
1762114,55 101 
1762115,69 100 
1762115,69 52 
1762155,43 1
1762155,43 1
1762155,43 2
1762155,43 60 
1762369,46 61 
1763167,75 63 
1763188,35 60 
1763769,12 61 
1764787,64 62 
1765193,9 64 
1765455,49 122 
1766020,61 125 
1766177,32 137 
1766534,01 65 
1766783,3 144 
1766784,62 144 
1766786,92 144 
1767261,87 101 
1767263,03 100 
1767263,03 52 
1767303,7 1
1767303,7 2
1767303,7 2
1767303,7 60 
1767598,03 61 
1768620,11 62 
1769235,12 64 
1769489,33 122 
1770061,12 125 
1770303,92 137 
1770583,41 65 
1770815,02 144 
1770816,49 144 
1770818,25 144 
1771181,2 143 
1771280,56 144 
1771282,48 144 
1771283,64 144 
1771334,23 101 
1771335,43 100 
1771335,43 52 
1771370,34 1
1771370,34 1
1771370,34 2
1771370,34 60 
1771583,47 61 
1772601,14 62 
1772711,62 64 
1773034,61 122 
1773588,3 125 
1774035,39 137 
1774099,76 65 
1774347,66 144 
1774349,31 144 
1774350,82 144 
1774827,68 101 
1774828,88 100 
1774828,88 52 
1774867,84 1
1774867,84 2
1774867,84 2
1774867,84 60 
1775023,39 61 
1776034,88 62 
1776164,32 64 
1776471,76 122 
1776990,98 125 
1777514,21 65 
1777768,47 144 
1777770,21 144 
1778015,75 144 
1778243,25 101 
1778244,45 100 
1778244,45 52 
1778284,2 2
1778284,2 1
1778284,2 2
1778284,2 60 
1778410,12 61 
1779433,58 62 
1779698,45 64 
1779993,53 122 
1780564,28 125 
1780860,52 137 
1781080,62 66 
1781311,65 144 
1781313,55 144 
1781314,51 144 
1781791,96 101 
1781793,21 100 
1781793,21 52 
1781833,4 2
1781833,4 2
1781833,4 2
1781833,4 60 
1781894,4 61 
1782915,61 62 
1784615,93 64 
1784850,2 122 
1785382,04 125 
1785767,12 137 
1785894,58 66 
1786143,05 144 
1786144,68 144 
1786146,91 144 
1786622,18 101 
1786623,35 100 
1786623,35 52 
1786664,03 1
1786664,03 2
1786664,03 2
1786664,03 60 
1786836,15 61 
1787847 62 
1789540,98 64 
1789785,48 122 
1790336,37 125 
1790656,08 137 
1790859,6 65 
1791109,27 144 
1791110,96 144 
1791112,37 144 
1791588,31 101 
1791589,44 100 
1791589,44 52 
1791629,02 1
1791629,02 2
1791629,02 1
1791629,02 60 
1792065,6 61 
1793078,39 62 
1793137,89 64 
1793503,55 122 
1794049,51 125 
1794380,05 137 
1794558,82 65 
1794807,54 144 
1794808,93 144 
1794810,07 144 
1795286,27 101 
1795287,45 100 
1795287,45 52 
1795327,79 1
1795327,79 2
1795327,79 2
1795327,79 60 
1795567,63 61 
1796578,95 62 
1796879,45 64 
1797116,59 122 
1797680,77 125 
1797876,1 137 
1798189,8 65 
1798439,11 144 
1798440,91 144 
1798442,63 144 
1798918,32 101 
1798919,53 100 
1798919,53 52 
1798960 1
1798960 2
1798960 1
1798960 60 
1799222,23 61 
1800054,61 63 
1800076,09 60 
1800396,66 112 
1800597,82 114 
1800642,62 60 
1800807,55 61 
1801825,66 62 
1802181,25 64 
1802473,95 122 
1803024,14 125 
1803341,01 137 
1803540,92 65 
1803787,6 144 
1803788,97 144 
1803789,96 144 
1804267,71 101 
1804268,92 100 
1804268,92 52 
1804309,11 1
1804309,11 2
1804309,11 2
1804309,11 60 
1804601,42 61 
1805623,72 62 
1806418,08 64 
1806646,65 122 
1807165,65 125 
1807407,24 137 
1807688,89 65 
1807936,1 144 
1807937,78 144 
1807939,26 144 
1808415,54 101 
1808416,74 100 
1808416,74 52 
1808456,85 1
1808456,85 2
1808456,85 2
1808456,85 60 
1808679,93 61 
1809691,91 62 
1810265,93 64 
1810500,22 122 
1811058,79 125 
1811568,98 65 
1811666 137 
1811818,13 144 
1811819,78 144 
1811820,89 144 
1812297,6 101 
1812298,85 100 
1812298,85 52 
1812338,98 1
1812338,98 2
1812338,98 1
1812338,98 60 
1812675,19 61 
1813632,65 63 
1813654,96 60 
1813982,51 112 
1814175,7 114 
1814221,56 60 
1814501,89 61 
1815522,28 62 
1815783,03 64 
1816066,37 122 
1816640,14 125 
1817000,12 137 
1817149,95 65 
1817375,18 144 
1817376,63 144 
1817378,11 144 
1817863,53 101 
1817864,72 100 
1817864,72 52 
1817904,13 1
1817904,13 2
1817904,13 2
1817904,13 60 
1818289,54 61 
1819303,81 62 
1819368,49 64 
1819697,53 122 
1820228,85 125 
1820749,79 65 
1820838,64 137 
1820998,98 144 
1821000,57 144 
1821001,83 144 
1821478,82 101 
1821480,03 100 
1821480,03 52 
1821519,23 2
1821519,23 1
1821519,23 2
1821519,23 60 
1821831,08 61 
1822853,68 62 
1823244,67 64 
1823483,04 122 
1824040,14 125 
1824489,34 137 
1824551,2 66 
1824797,7 144 
1824799,4 144 
1824800,65 144 
1825276,3 101 
1825277,59 100 
1825277,59 52 
1825317,94 1
1825317,94 2
1825317,94 2
1825317,94 60 
1825359,25 61 
1826386,61 62 
1826828,1 64 
1827074,62 122 
1827635,72 125 
1828122,76 137 
1828178,86 65 
1828395,94 144 
1828397,76 144 
1828399,22 144 
1828875,77 101 
1828876,91 100 
1828876,91 52 
1828916,8 1
1828916,8 2
1828916,8 2
1828916,8 60 
1829357,46 61 
1830368,97 62 
1830421,53 64 
1830670,83 122 
1831244,13 125 
1831488,28 137 
1831762,08 65 
1832011,71 144 
1832013,3 144 
1832014,81 144 
1832490,93 101 
1832492,15 100 
1832492,15 52 
1832532,9 1
1832532,9 2
1832532,9 2
1832532,9 60 
1833003,57 61 
1833879,55 63 
1833898,49 60 
1834188,87 112 
1834334,42 114 
1834381,85 60 
1834437,89 61 
1835449,64 62 
1835555,1 64 
1835865,08 122 
1836429,24 125 
1836945,48 65 
1837199,19 144 
1837200,68 144 
1837672,63 101 
1837673,77 100 
1837673,77 52 
1837697,34 2
1837697,34 2
1837697,34 2
1837697,34 60 
1838032,4 61 
1839046,66 62 
1839139,64 64 
1839410,63 122 
1839979,43 125 
1840288,88 137 
1840493,37 66 
1840742,64 144 
1840744,21 144 
1840745,44 144 
1841221,01 101 
1841222,27 100 
1841222,27 52 
1841262,89 1
1841262,89 1
1841262,89 2
1841262,89 60 
1841508,71 61 
1842528,93 62 
1842684,36 64 
1842973,86 122 
1843547,49 125 
1843633,85 137 
1844058,6 65 
1844308,08 144 
1844309,85 144 
1844311,18 144 
1844786,7 101 
1844787,92 100 
1844787,92 52 
1844828,27 2
1844828,27 2
1844828,27 2
1844828,27 60 
1845238,06 61 
1846260,92 62 
1846322,38 64 
1846599,58 122 
1847151,73 125 
1847415,98 137 
1847675,11 66 
1847923,66 144 
1847925,33 144 
1847927,03 144 
1848136,94 142 
1848220,28 144 
1848222,3 144 
1848306,84 144 
1848364,89 143 
1848423,89 144 
1848425,65 144 
1848426,86 101 
1848428,57 100 
1848428,57 52 
1848462,13 1
1848462,13 1
1848462,13 1
1848462,13 60 
1848490,74 113 
1848855,52 114 
1848893,72 60 
1849029,34 61 
1850043,52 62 
1850842,54 64 
1851440,64 122 
1851935,91 125 
1852301,08 137 
1852457,43 65 
1852688,89 144 
1852690,95 144 
1852692,31 144 
1853167,91 101 
1853169,08 100 
1853169,08 52 
1853208,95 2
1853208,95 1
1853208,95 2
1853208,95 60 
1853801,08 61 
1854809,93 62 
1854836,07 64 
1855236,41 122 
1855764,13 125 
1856022,64 137 
1856271,27 66 
1856489,97 101 
1856543,24 8
1856543,24 53 
1856591,71 100 
1856591,71 53 
1856607,91 1
1856607,91 2
1856607,91 2
1856607,91 60 
1857206,2 61 
1858223 62 
1858428,23 64 
1858714,42 122 
1859245,62 125 
1859484,1 137 
1859752,93 66 
1859985,45 144 
1859986,87 144 
1859987,9 144 
1860465,19 101 
1860466,38 100 
1860466,38 53 
1860506,49 1
1860506,49 2
1860506,49 2
1860506,49 60 
1862710,64 112 
1863620,45 114 
1863655,36 60 
1863831,93 61 
1864854,75 62 
1865355,02 64 
1865644,54 122 
1866173,94 125 
1866340,74 137 
1866683,92 66 
1866918,04 144 
1866919,69 144 
1866920,75 144 
1867395,43 101 
1867397,43 100 
1867397,43 53 
1867437,43 1
1867437,43 1
1867437,43 2
1867437,43 60 
1867539,44 111 
1868419,66 114 
1868455,63 60 
1872264,16 112 
1873083,67 114 
1873118,87 60 
1873333,62 61 
1874351,43 62 
1877142,6 64 
1884360,79 252 
1884360,79 101 
1884362,63 100 
1884362,63 53 
1884381,87 1
1884381,87 1
1884381,87 2
1884381,87 60 
1913644,17 61 
1914654,85 62 
1915125,29 64 
1915356,95 123 
1915877,92 125 
1916015,38 137 
1916384,47 65 
1916634,26 144 
1916636,05 144 
1916637,31 144 
1917112,79 101 
1917114,04 100 
1917114,04 53 
1917154,38 2
1917154,38 2
1917154,38 1
1917154,38 60 
1917566,52 61 
1918588,34 62 
1920032,02 64 
1920253,21 123 
1920777,35 125 
1920965,93 137 
1921298,95 66 
1921548,48 144 
1921550,04 144 
1921551,54 144 
1922027,59 101 
1922028,78 100 
1922028,78 53 
1922069,59 1
1922069,59 2
1922069,59 1
1922069,59 60 
1922105,88 61 
1923139,66 62 
1923546,84 64 
1923842,11 121 
1924401,78 125 
1924848,36 137 
1924916,39 66 
1925164,78 144 
1925166,57 144 
1925168,15 144 
1925643,22 101 
1925644,4 100 
1925644,4 53 
1925685,14 2
1925685,14 2
1925685,14 2
1925685,14 60 
1925725,76 61 
1926737,3 62 
1929816,07 64 
1930052,24 123 
1930558,4 125 
1930910,66 137 
1931081,28 66 
1931304,39 144 
1931307,42 144 
1931309,59 144 
1931790,92 101 
1931792,03 100 
1931792,03 53 
1931833 1
1931833 2
1931833 2
1931833 60 
1932103,51 112 
1932529 114 
1932565,69 60 
1932734,99 61 
1933678,61 63 
1933698,74 60 
1933928,34 113 
1934165,42 114 
1934215,26 60 
1934384,08 61 
1935397,94 62 
1936161,03 64 
1936400,8 123 
1936936,25 125 
1937162,19 137 
1937446,02 65 
1937693,51 144 
1937695,07 144 
1937696,57 144 
1938173,04 101 
1938174,16 100 
1938174,16 53 
1938214,12 1
1938214,12 2
1938214,12 2
1938214,12 60 
1938656,79 61 
1939681,95 62 
1939861,99 64 
1940099,14 123 
1940632,37 125 
1940747,67 137 
1941142,47 65 
1941392,01 144 
1941394,04 144 
1941395,31 144 
1941871,52 101 
1941872,69 100 
1941872,69 53 
1941912,98 1
1941912,98 2
1941912,98 2
1941912,98 60 
1942070,54 61 
1943080,97 62 
1943250,03 64 
1943502,87 123 
1944056,4 125 
1944396,41 137 
1944575,47 65 
1944824,62 144 
1944826,33 144 
1944827,33 144 
1945304,05 101 
1945305,22 100 
1945305,22 53 
1945345,32 1
1945345,32 1
1945345,32 2
1945345,32 60 
1945683,46 61 
1946681,86 63 
1946695,45 60 
1946922,05 113 
1947082,63 114 
1947127,63 60 
1947301,42 61 
1948312,92 62 
1948436,05 64 
1948660,19 123 
1949180,2 125 
1949473,87 137 
1949691,97 65 
1949940,09 144 
1949941,5 144 
1949942,76 144 
1950418,84 101 
1950419,97 100 
1950419,97 53 
1950460,34 1
1950460,34 2
1950460,34 2
1950460,34 60 
1950841,26 61 
1951859,45 62 
1952066,33 64 
1952274,61 123 
1952814,79 125 
1953323,48 65 
1953446,95 137 
1953547,64 144 
1953549,6 144 
1953550,74 144 
1954035,32 101 
1954036,45 100 
1954036,45 53 
1954075,65 1
1954075,65 2
1954075,65 2
1954075,65 60 
1954439,92 61 
1955457,94 62 
1955779,94 64 
1956023,23 123 
1956577,95 125 
1957088,34 65 
1957344,69 144 
1957346,18 144 
1957659,56 144 
1957816,08 101 
1957817,3 100 
1957817,3 53 
1957857,57 2
1957857,57 2
1957857,57 2
1957857,57 60 
1958243,32 61 
1959256,77 62 
1959286,38 64 
1959583,89 123 
1960128,63 125 
1960466,2 137 
1960637,46 66 
1960885,9 144 
1960887,99 144 
1960889,4 144 
1961365,02 101 
1961366,14 100 
1961366,14 53 
1961406,49 1
1961406,49 1
1961406,49 2
1961406,49 60 
1961436,96 61 
1962080,98 63 
1962090,04 60 
1996224,4 61 
1997244,38 62 
2007464,31 64 
2007466,09 252 
2007466,09 101 
2007469,29 100 
2007469,29 53 
2007491,25 1
2007491,25 1
2007491,25 2
2007491,25 60 
2066238,87 111 
2068666,48 114 
2068704,64 60 
2088557,01 61 
2089112,25 63 
2089131,38 60 
2089212,36 61 
2089926,93 63 
2089947,51 60 
2090321,3 111 
2091558,78 114 
2091597,11 60 
2091677,67 112 
2092018,24 114 
2092047,66 60 
2129916,31 61 
2130933,98 62 
2131453,84 64 
2131685,95 122 
2132246,55 125 
2132557,93 137 
2132766,02 66 
2133012,79 144 
2133014,28 144 
2133015,36 144 
2133900,06 101 
2133901,31 100 
2133901,31 53 
2133951,08 1
2133951,08 2
2133951,08 2
2133951,08 60 
2134408,18 61 
2135418,62 62 
2135675,75 64 
2135952,4 123 
2136483,39 125 
2136814,37 137 
2136995,29 65 
2137244,6 144 
2137246,21 144 
2137247,28 144 
2137724,77 101 
2137726,09 100 
2137726,09 53 
2137765,33 2
2137765,33 2
2137765,33 2
2137765,33 60 
2138200,35 61 
2139214,9 62 
2139353,28 64 
2139642,5 123 
2140171,79 125 
2140696,02 66 
2140700,54 137 
2140943,14 144 
2140944,81 144 
2140946,27 144 
2141422,24 101 
2141423,38 100 
2141423,38 53 
2141463,84 1
2141463,84 1
2141463,84 1
2141463,84 60 
2141513,93 61 
2142529,99 62 
2143320,78 64 
2143581,73 123 
2144099,37 125 
2144611,97 65 
2144645,34 137 
2144834,19 144 
2144835,55 144 
2144836,55 144 
2145321,42 101 
2145322,59 100 
2145322,59 53 
2145362,81 1
2145362,81 2
2145362,81 2
2145362,81 60 
2145815,05 61 
2146828,85 62 
2146886,57 64 
2147212,74 123 
2147763,81 125 
2148130,2 137 
2148276,17 65 
2148523,81 144 
2148525,47 144 
2148526,51 144 
2148808,8 143 
2148910,5 144 
2148912,33 144 
2148938,57 144 
2149009,35 101 
2149011,23 100 
2149011,23 53 
2149029,24 1
2149029,24 2
2149029,24 2
2149029,24 60 
2149384,54 61 
2150395,45 62 
2150486,83 64 
2150753,27 123 
2151237,77 125 
2151758,2 65 
2151961,69 144 
2151964,11 144 
2152451,46 101 
2152452,66 100 
2152452,66 53 
2152476,91 1
2152476,91 2
2152476,91 1
2152476,91 60 
2152482,12 113 
2152653,22 114 
2152676,6 60 
2153285,05 61 
2154296,04 62 
2154649,9 64 
2154894,02 123 
2155386,83 125 
2155897,99 137 
2155906,69 65 
2156139,34 144 
2156141,05 144 
2156142,51 144 
2156618,53 101 
2156619,7 100 
2156619,7 53 
2156642,3 1
2156642,3 2
2156642,3 2
2156642,3 60 
2157062,29 61 
2157965,44 63 
2157975,8 60 
2158275,46 113 
2158440,42 114 
2158476 60 
2158683,45 61 
2159691,54 62 
2160370,07 64 
2160661,74 123 
2161184,97 125 
2161703,41 65 
2161958,52 144 
2161960,82 144 
2162299,86 144 
2162431,81 101 
2162433,05 100 
2162433,05 53 
2162473,55 2
2162473,55 2
2162473,55 1
2162473,55 60 
2162674,63 61 
2163690,55 62 
2164269,81 64 
2164551,44 123 
2165091,76 125 
2165348,72 137 
2165602,97 66 
2165865,78 144 
2165867,94 144 
2165869,11 144 
2166331,93 101 
2166333,18 100 
2166333,18 53 
2166372,31 1
2166372,31 2
2166372,31 2
2166372,31 60 
2166400,71 61 
2167422,08 62 
2168464,28 64 
2168720,78 123 
2169245,2 125 
2169767,52 65 
2170038 144 
2170040,17 144 
2170512,84 101 
2170513,99 100 
2170513,99 53 
2170538,36 1
2170538,36 1
2170538,36 2
2170538,36 60 
2170543,54 113 
2172321,27 114 
2172370,18 60 
2172619,9 61 
2173636,42 62 
2174263,93 64 
2174607,81 123 
2175138,61 125 
2175649,64 65 
2175853,2 144 
2175854,47 144 
2176344,2 101 
2176345,35 100 
2176345,35 53 
2176369,08 1
2176369,08 2
2176369,08 2
2176369,08 60 
2176375,85 113 
2176590,41 114 
2176635,46 60 
2176977,27 61 
2177909,01 63 
2177919,37 60 
2178424,68 61 
2179435,9 62 
2179715,09 64 
2179966,6 123 
2180489,27 125 
2180717,56 137 
2180998,6 65 
2181246,53 144 
2181248,29 144 
2181250,04 144 
2181726,03 101 
2181727,47 100 
2181727,47 53 
2181767,42 2
2181767,42 2
2181767,42 2
2181767,42 60 
2182253,71 61 
2183265,74 62 
2183717,15 64 
2183944,81 123 
2184485,9 125 
2184997,26 66 
2185250,53 144 
2185252,33 144 
2185479,3 144 
2185724,1 101 
2185726,49 100 
2185726,49 53 
2185766,11 1
2185766,11 2
2185766,11 1
2185766,11 60 
2185796,49 61 
2186816,48 62 
2187660,94 64 
2187893,13 123 
2188424,89 125 
2188913,59 137 
2188945,23 65 
2189192,34 144 
2189193,85 144 
2189195,01 144 
2189382,28 143 
2189479,51 144 
2189481,14 144 
2189541,41 144 
2189673,12 101 
2189674,24 100 
2189674,24 53 
2189714,57 1
2189714,57 1
2189714,57 2
2189714,57 60 
2189967,53 61 
2190980,74 62 
2191205,97 64 
2191474,55 123 
2192004,04 125 
2192509,53 65 
2192622,27 137 
2192773,99 144 
2192776,06 144 
2192777,38 144 
2193238,7 101 
2193239,9 100 
2193239,9 53 
2193280,12 1
2193280,12 2
2193280,12 2
2193280,12 60 
2193673,93 61 
2194697,29 62 
2194864,18 64 
2195152,47 123 
2195669,74 125 
2196175,6 65 
2196217,86 137 
2196425,2 144 
2196426,74 144 
2196427,89 144 
2196905,35 101 
2196906,54 100 
2196906,54 53 
2196945,56 1
2196945,56 2
2196945,56 2
2196945,56 60 
2198707,39 61 
2199728,43 62 
2199959,1 64 
2200209,32 123 
2200763,18 125 
2201108,07 137 
2201274,35 65 
2201523,92 144 
2201525,43 144 
2201526,45 144 
2202002,49 101 
2202003,87 100 
2202003,87 53 
2202043,85 1
2202043,85 2
2202043,85 2
2202043,85 60 
2202401,17 61 
2203412,83 62 
2203533,06 64 
2203816,52 123 
2204349,74 125 
2204859,33 65 
2205111,9 144 
2205113,81 144 
2205399,49 144 
2205584,64 101 
2205585,8 100 
2205585,8 53 
2205625,93 1
2205625,93 1
2205625,93 2
2205625,93 60 
2205980,95 61 
2206992,55 62 
2207098,55 64 
2207378,46 123 
2207914,09 125 
2208154,26 137 
2208422,12 65 
2208688,86 144 
2208690,81 144 
2208692,27 144 
2209151,02 101 
2209152,22 100 
2209152,22 53 
2209191,7 2
2209191,7 2
2209191,7 1
2209191,7 60 
2209472,19 61 
2210388,44 63 
2210407,54 60 
2210720,96 113 
2210819,02 114 
2210874,09 60 
2211021,75 61 
2212040,19 63 
2212056,98 60 
2212323,48 113 
2212717,4 114 
2212756,76 60 
2213003,91 61 
2214023,28 62 
2214176,32 64 
2214425,28 123 
2214950,4 125 
2215470,05 66 
2215723,65 144 
2215725,94 144 
2215855,82 144 
2218624,16 101 
2218625,71 100 
2218625,71 53 
2218671,75 1
2218671,75 1
2218671,75 2
2218671,75 60 
2218862,73 113 
2219634,37 114 
2219671,36 60 
2220006,28 111 
2220110,45 114 
2220154,45 60 
2220568,41 111 
2220966,21 114 
2221004,19 60 
2256485,47 111 
2256549,83 114 
2256580,28 60 
2257439,49 112 
2257534,45 114 
2257559,86 60 
2258045,24 61 
2259059,92 62 
2260948,24 64 
2261315,95 121 
2261887,27 125 
2262121,3 137 
2262404,59 65 
2262636,89 144 
2262638,67 144 
2262639,91 144 
2263116,28 101 
2263117,55 100 
2263117,55 53 
2263157,01 1
2263157,01 2
2263157,01 2
2263157,01 60 
2263488,47 61 
2264505,76 62 
2264884,11 64 
2265157,41 121 
2265691,67 125 
2265899,5 137 
2266203,46 66 
2266435,1 144 
2266436,65 144 
2266437,96 144 
2266915,59 101 
2266916,78 100 
2266916,78 53 
2266955,85 2
2266955,85 2
2266955,85 2
2266955,85 60 
2266985,81 61 
2268005,71 62 
2268539,73 64 
2268848,66 122 
2269378,96 125 
2269610,86 137 
2269902,17 66 
2270133,2 144 
2270134,8 144 
2270136,16 144 
2270613,14 101 
2270614,32 100 
2270614,32 53 
2270654,7 1
2270654,7 2
2270654,7 1
2270654,7 60 
2270691,24 61 
2271707,45 62 
2272100,81 64 
2272418,38 122 
2272944,55 125 
2273233,76 137 
2273467,73 65 
2273716,24 144 
2273717,8 144 
2273719,25 144 
2274195,72 101 
2274196,97 100 
2274196,97 53 
2274236,66 1
2274236,66 2
2274236,66 2
2274236,66 60 
2274548,4 61 
2275569,86 62 
2275903,68 64 
2276223,53 122 
2276747,38 125 
2276940,03 137 
2277265,73 66 
2277514,86 144 
2277516,32 144 
2277518,01 144 
2277994,73 101 
2277995,89 100 
2277995,89 53 
2278036,59 1
2278036,59 1
2278036,59 1
2278036,59 60 
2278128,08 61 
2279136,72 62 
2279580,38 64 
2279886,81 122 
2280441,63 125 
2280914,84 137 
2280978,78 65 
2281198,07 144 
2281199,81 144 
2281201,16 144 
2281676,6 101 
2281677,94 100 
2281677,94 53 
2281718,7 2
2281718,7 2
2281718,7 2
2281718,7 60 
2282129,32 61 
2283150,39 62 
2283233,87 64 
2283667,24 122 
2284189,97 125 
2284607,84 137 
2284714,22 66 
2284962,67 144 
2284964,29 144 
2284965,84 144 
2285442,88 101 
2285444,05 100 
2285444,05 53 
2285483,01 2
2285483,01 2
2285483,01 2
2285483,01 60 
2285552,91 61 
2286566,24 62 
2287670,1 64 
2288002,29 122 
2288563,46 125 
2289056,85 137 
2289112,3 66 
2289326,13 144 
2289327,6 144 
2289329,25 144 
2291241,13 101 
2291242,73 100 
2291242,73 53 
2291282,3 1
2291282,3 1
2291282,3 1
2291282,3 60 
2291549,11 112 
2292265,35 114 
2292314,09 60 
2292815,22 61 
2293830,06 62 
2293899,24 64 
2294206,67 122 
2294735,91 125 
2295022,48 137 
2295242,71 65 
2295492,3 144 
2295493,9 144 
2295494,99 144 
2295971,16 101 
2295972,33 100 
2295972,33 53 
2296012,83 1
2296012,83 1
2296012,83 1
2296012,83 60 
2296384,57 61 
2297382,57 63 
2297396 60 
2297672,28 112 
2297963 114 
2297995,57 60 
2298173,41 61 
2299195,51 62 
2299981,35 64 
2300217,16 122 
2300751,23 125 
2301160,32 137 
2301257,85 65 
2301493,63 101 
2301548,69 8
2301548,69 51 
2301612,91 100 
2301612,91 51 
2301628,03 1
2301628,03 2
2301628,03 2
2301628,03 60 
2302315,32 61 
2303327,85 62 
2303460,24 64 
2303770,16 122 
2304300,08 125 
2304809,57 66 
2304874,27 137 
2305054,34 144 
2305055,87 144 
2305056,82 144 
2305299,95 143 
2305424,4 144 
2305426,19 144 
2305429,91 144 
2305535,01 101 
2305537,43 100 
2305537,43 51 
2305576,83 1
2305576,83 2
2305576,83 1
2305576,83 60 
2306096,45 112 
2306211,76 114 
2306244,18 60 
2306462,82 61 
2307476,29 62 
2310811,23 64 
2311129,6 122 
2311653,75 125 
2312165,82 137 
2312229,33 65 
2312405,41 144 
2312407,01 144 
2312408,27 144 
2312883,26 101 
2312884,41 100 
2312884,41 51 
2312923,99 2
2312923,99 2
2312923,99 1
2312923,99 60 
2313369,08 61 
2314375,73 63 
2314390,15 60 
2314721,32 112 
2315045,27 114 
2315089,93 60 
2315171,07 61 
2316191,08 62 
2316345,82 64 
2316722,34 122 
2317294,07 125 
2317432,76 137 
2317803,46 65 
2318058,89 144 
2318060,59 144 
2318062,02 144 
2318531,29 101 
2318532,54 100 
2318532,54 51 
2318572,16 1
2318572,16 2
2318572,16 2
2318572,16 60 
2319091,17 61 
2320104,11 62 
2320366,42 64 
2320663,76 122 
2321208,68 125 
2321340,16 137 
2321718,47 66 
2321950,51 144 
2321953,76 144 
2321955,25 144 
2322429,1 101 
2322430,24 100 
2322430,24 51 
2322470,79 1
2322470,79 1
2322470,79 2
2322470,79 60 
2322679,79 111 
2322775,58 114 
2322820,92 60 
2344624,75 61 
2345646,42 62 
2347638,89 64 
2355654,68 252 
2355654,68 101 
2355656,38 100 
2355656,38 51 
2355676,95 1
2355676,95 1
2355676,95 2
2355676,95 60 
2383703,86 61 
2384717,39 62 
2384875,1 64 
2385145,84 121 
2385700,35 125 
2385971,91 137 
2386213,61 65 
2386437,61 144 
2386439,03 144 
2386440,04 144 
2386924,97 101 
2386926,21 100 
2386926,21 51 
2386966,18 1
2386966,18 2
2386966,18 2
2386966,18 60 
2387399,79 61 
2388416 62 
2390262,77 64 
2391462,37 121 
2392003,82 125 
2392119,73 137 
2392511,79 65 
2392760,59 144 
2392762,08 144 
2392763,31 144 
2393240,33 101 
2393241,52 100 
2393241,52 51 
2393281,94 1
2393281,94 1
2393281,94 2
2393281,94 60 
2393496,71 61 
2394512,49 62 
2394530,58 64 
2394921,8 121 
2395493,34 125 
2395601,75 137 
2396010,07 65 
2396259,65 144 
2396261,29 144 
2396262,71 144 
2396738,1 101 
2396739,29 100 
2396739,29 51 
2396779,66 1
2396779,66 2
2396779,66 2
2396779,66 60 
2397086,88 61 
2398096,54 62 
2398112,65 64 
2398424,58 121 
2398955,45 125 
2399308,47 137 
2399474,79 65 
2399724,87 144 
2399726,44 144 
2399727,76 144 
2400204,23 101 
2400205,42 100 
2400205,42 51 
2400245,17 1
2400245,17 2
2400245,17 2
2400245,17 60 
2400555,65 61 
2401578,16 62 
2401780,93 64 
2402034,41 121 
2402579,71 125 
2402716,39 137 
2403090,56 65 
2403340,51 144 
2403342,11 144 
2403343,42 144 
2403820,33 101 
2403821,55 100 
2403821,55 51 
2403860,64 2
2403860,64 2
2403860,64 2
2403860,64 60 
2404143,21 61 
2405159,67 62 
2405424,06 64 
2405737,77 121 
2406279,74 125 
2406433,93 137 
2406790,42 66 
2407013,94 144 
2407015,4 144 
2407016,5 144 
2409152,55 101 
2409153,71 100 
2409153,71 51 
2409192,98 1
2409192,98 2
2409192,98 2
2409192,98 60 
2409387,66 111 
2410452,75 114 
2410475,23 60 
2411001,37 61 
2412023,93 62 
2413889,06 64 
2414177,91 121 
2414683,63 125 
2414960,15 137 
2415202,85 65 
2415436,39 144 
2415438,2 144 
2415439,44 144 
2415915,62 101 
2415916,83 100 
2415916,83 51 
2415956,77 1
2415956,77 2
2415956,77 1
2415956,77 60 
2416291,11 61 
2417306,17 62 
2417581,91 64 
2417940,66 121 
2418494,11 125 
2418784 137 
2419002,85 65 
2419251,78 144 
2419253,54 144 
2419254,86 144 
2419731,88 101 
2419733,06 100 
2419733,06 51 
2419772,12 1
2419772,12 2
2419772,12 2
2419772,12 60 
2420126,82 61 
2421073,24 63 
2421088,15 60 
2421402,12 111 
2421788,31 114 
2421823,08 60 
2421855,94 61 
2422876,2 62 
2423390,94 64 
2423655,68 121 
2424175,44 125 
2424344,36 137 
2424685,07 65 
2424917,54 144 
2424920,1 144 
2424921,34 144 
2425395,35 101 
2425396,52 100 
2425396,52 51 
2425436,97 1
2425436,97 2
2425436,97 2
2425436,97 60 
2425784,8 61 
2426802,67 62 
2427199,36 64 
2427443,99 121 
2427975,32 125 
2428330,27 137 
2428482,89 65 
2428707,05 144 
2428708,57 144 
2428710,18 144 
2429194,42 101 
2429195,6 100 
2429195,6 51 
2429235,57 2
2429235,57 2
2429235,57 2
2429235,57 60 
2429644,85 61 
2430652,41 62 
2431083,17 64 
2431358,68 121 
2431875,59 125 
2432077,63 137 
2432397,22 66 
2432648,03 144 
2432649,69 144 
2432651 144 
2434545,88 101 
2434547,37 100 
2434547,37 51 
2434584,45 1
2434584,45 2
2434584,45 2
2434584,45 60 
2434833,17 111 
2435331,87 114 
2435368,64 60 
2435484,38 61 
2436499,25 62 
2436735,7 64 
2436997,97 121 
2437521,05 125 
2437724,24 137 
2438029,24 65 
2438279,09 144 
2438280,49 144 
2438281,48 144 
2438758,58 101 
2438759,76 100 
2438759,76 51 
2438799,08 1
2438799,08 2
2438799,08 2
2438799,08 60 
2439067,87 61 
2440069,46 63 
2440081,91 60 
2440373,87 111 
2440678,48 114 
2440715,3 60 
2440766,83 61 
2441781,5 62 
2442975,84 64 
2443212,84 121 
2443751,67 125 
2444093,57 137 
2444260,37 65 
2444493,86 144 
2444495,52 144 
2444496,6 144 
2444972,28 101 
2444973,47 100 
2444973,47 51 
2445013,76 1
2445013,76 1
2445013,76 2
2445013,76 60 
2445315,65 61 
2446329,41 62 
2446416,69 64 
2446754,06 121 
2447298,55 125 
2447748,01 137 
2447809,23 65 
2448058,77 144 
2448060,48 144 
2448061,94 144 
2448538,52 101 
2448539,69 100 
2448539,69 51 
2448579,42 2
2448579,42 2
2448579,42 1
2448579,42 60 
2449042,85 61 
2450061,2 62 
2450302,33 64 
2450582,68 121 
2451126,93 125 
2451491,4 137 
2451642,73 66 
2451890,46 144 
2451892,21 144 
2451893,99 144 
2452369,55 101 
2452370,68 100 
2452370,68 51 
2452411,33 1
2452411,33 1
2452411,33 2
2452411,33 60 
2452458,58 61 
2453478,09 62 
2453849,74 64 
2454096,17 121 
2454618,24 125 
2455140,93 65 
2455214,61 137 
2455389,9 144 
2455391,66 144 
2455392,7 144 
2455876,4 101 
2455877,68 100 
2455877,68 51 
2455912,61 1
2455912,61 2
2455912,61 2
2455912,61 60 
2456336,57 61 
2457358,9 62 
2457627,7 64 
2457885,2 121 
2458415,44 125 
2458739,62 137 
2458923,87 65 
2459171,94 144 
2459173,77 144 
2459174,98 144 
2459650,99 101 
2459652,22 100 
2459652,22 51 
2459692,39 1
2459692,39 1
2459692,39 2
2459692,39 60 
2459914,23 61 
2460926,08 62 
2461238,06 64 
2461484,14 121 
2462013,84 125 
2462293,92 137 
2462521,25 65 
2462770,58 144 
2462772,01 144 
2462772,95 144 
2463250,13 101 
2463251,33 100 
2463251,33 51 
2463291,17 1
2463291,17 2
2463291,17 1
2463291,17 60 
2463566,19 61 
2464575,54 62 
2464639,17 64 
2464987,51 121 
2465551,77 125 
2465910,11 137 
2466069,41 65 
2466319,78 144 
2466321,25 144 
2466322,2 144 
2466798,36 101 
2466799,55 100 
2466799,55 51 
2466839,9 1
2466839,9 2
2466839,9 2
2466839,9 60 
2467127,42 61 
2468140,1 62 
2469044,82 64 
2474668,37 121 
2475243,89 125 
2475751,67 65 
2476005,56 144 
2476008,05 144 
2476445,28 144 
2476479,22 101 
2476480,71 100 
2476480,71 51 
2476521,37 2
2476521,37 2
2476521,37 2
2476521,37 60 
2476958,75 61 
2477969,91 62 
2478221,58 64 
2478532,21 121 
2479057,14 125 
2479433,49 137 
2479565,08 66 
2479815,07 144 
2479816,7 144 
2479817,9 144 
2480295,04 101 
2480297,03 100 
2480297,03 51 
2480335,6 1
2480335,6 1
2480335,6 2
2480335,6 60 
2480387,62 111 
2481053,38 114 
2481086,75 60 
2481220,11 61 
2482234,89 62 
2482630,16 64 
2482913,13 121 
2483441,96 125 
2483638,34 137 
2483965,58 65 
2484213,76 144 
2484215,46 144 
2484216,69 144 
2484693,56 101 
2484694,7 100 
2484694,7 51 
2484735,09 2
2484735,09 2
2484735,09 1
2484735,09 60 
2485278,16 61 
2486300,29 62 
2486353,92 64 
2486694,99 121 
2487221,99 125 
2487496 137 
2487731,74 66 
2487962,96 144 
2487964,46 144 
2487965,65 144 
2488441,56 101 
2488442,75 100 
2488442,75 51 
2488482,95 1
2488482,95 2
2488482,95 2
2488482,95 60 
2488521,15 61 
2489550,75 62 
2489727,89 64 
2489997,78 121 
2490566,18 125 
2490815,8 137 
2491078,41 65 
2491327,87 144 
2491329,46 144 
2491330,62 144 
2491807,87 101 
2491809,12 100 
2491809,12 51 
2491848,57 1
2491848,57 2
2491848,57 2
2491848,57 60 
2492488,82 61 
2493500,33 62 
2493736,63 64 
2494046,39 121 
2494609,66 125 
2494976,18 137 
2495127,78 65 
2495376,78 144 
2495378,42 144 
2495379,45 144 
2495856,12 101 
2495857,29 100 
2495857,29 51 
2495896,89 1
2495896,89 2
2495896,89 2
2495896,89 60 
2496313,85 61 
2497252,11 63 
2497263,79 60 
2497520,19 111 
2497830,24 114 
2497864,75 60 
2497924,05 61 
2498945,15 62 
2499340,4 64 
2499626,84 121 
2500164,22 125 
2500449,13 137 
2500675,62 65 
2500924,63 144 
2500926,24 144 
2500927,97 144 
2501404,8 101 
2501405,92 100 
2501405,92 51 
2501445,18 1
2501445,18 2
2501445,18 2
2501445,18 60 
2501831,09 61 
2502843,68 62 
2503160,93 64 
2503510,12 121 
2504034,04 125 
2504478,03 137 
2504542,96 65 
2504790,34 144 
2504791,8 144 
2504792,87 144 
2505269,98 101 
2505271,19 100 
2505271,19 51 
2505310,54 1
2505310,54 2
2505310,54 2
2505310,54 60 
2505677,73 61 
2506694,5 62 
2506744,2 64 
2507033,07 121 
2507578,11 125 
2508032,21 137 
2508090,71 65 
2508339,25 144 
2508340,76 144 
2508341,9 144 
2508817,65 101 
2508818,82 100 
2508818,82 51 
2508859,82 1
2508859,82 1
2508859,82 2
2508859,82 60 
2509401,35 61 
2510425,83 62 
2510443,07 64 
2510715,22 121 
2511246,1 125 
2511542,1 137 
2511757,38 65 
2512012,02 144 
2512013,63 144 
2512014,58 144 
2512484,44 101 
2512485,68 100 
2512485,68 51 
2512525,1 2
2512525,1 2
2512525,1 2
2512525,1 60 
2513159,04 61 
2514166,15 63 
2514175,33 60 
2514503,97 111 
2515132,48 114 
2515173,8 60 
2515397,36 61 
2516407,07 62 
2516841,86 64 
2517120,41 121 
2517684,68 125 
2517954,36 137 
2518203,73 66 
2518435,79 144 
2518437,38 144 
2518438,66 144 
2520815,01 101 
2520816,7 100 
2520816,7 51 
2520855,08 1
2520855,08 2
2520855,08 2
2520855,08 60 
2521067,37 111 
2522058,69 114 
2522104,96 60 
2522730,79 61 
2523754,39 62 
2524614,32 64 
2524914,84 122 
2525470,9 125 
2525626,32 137 
2525984,24 66 
2526208,02 144 
2526210,29 144 
2526212,56 144 
2526695,52 101 
2526696,67 100 
2526696,67 51 
2526736,78 1
2526736,78 2
2526736,78 1
2526736,78 60 
2526867,22 111 
2527015,53 114 
2527053,47 60 
2528115,77 111 
2528194,93 114 
2528236,25 60 
2528504,12 61 
2529518,5 62 
2530779,26 64 
2531096,39 121 
2531606,86 125 
2531870,04 137 
2532114,41 65 
2532348,32 144 
2532350,28 144 
2532353,02 144 
2532827,37 101 
2532828,66 100 
2532828,66 51 
2532868,12 1
2532868,12 2
2532868,12 2
2532868,12 60 
2533314,57 61 
2534333,86 62 
2534406,69 64 
2534858,3 121 
2535388,58 125 
2535717,88 137 
2535897,43 65 
2536129,85 144 
2536131,75 144 
2536133,01 144 
2536608,84 101 
2536611,23 100 
2536611,23 51 
2536650,38 1
2536650,38 2
2536650,38 2
2536650,38 60 
2537126,44 61 
2538149,53 62 
2538551,66 64 
2538776,72 121 
2539311,93 125 
2539454,37 137 
2539830,55 65 
2540078,39 144 
2540079,9 144 
2540081,11 144 
2540557,39 101 
2540558,61 100 
2540558,61 51 
2540598,96 1
2540598,96 1
2540598,96 2
2540598,96 60 
2540989,21 61 
2541999,39 62 
2542063,73 64 
2542460,37 121 
2542988,05 125 
2543233,56 137 
2543510,72 65 
2543761,41 144 
2543762,9 144 
2543763,95 144 
2544240,74 101 
2544242,04 100 
2544242,04 51 
2544282,21 1
2544282,21 1
2544282,21 2
2544282,21 60 
2545346,96 61 
2546363,7 62 
2546505,78 64 
2546787,16 121 
2547304,61 125 
2547606,11 137 
2547827,18 65 
2548076,15 144 
2548077,7 144 
2548078,8 144 
2548555,59 101 
2548556,73 100 
2548556,73 51 
2548596,36 1
2548596,36 1
2548596,36 1
2548596,36 60 
2549613,48 61 
2550628,92 62 
2550714,21 64 
2551030,38 121 
2551558,13 125 
2551864,58 137 
2552076,68 65 
2552324,78 144 
2552326,56 144 
2552327,91 144 
2552803,96 101 
2552805,25 100 
2552805,25 51 
2552844,87 1
2552844,87 1
2552844,87 1
2552844,87 60 
2553203,88 61 
2554227,46 62 
2554457,74 64 
2554703,75 121 
2555260,89 125 
2555493,1 137 
2555774,91 65 
2556009,51 101 
2556063,92 8
2556063,92 53 
2556129,19 100 
2556129,19 53 
2556143,99 1
2556143,99 2
2556143,99 2
2556143,99 60 
2556150,22 61 
2556303,54 63 
2556312,29 60 
2556864,13 61 
2557876,54 62 
2558105,65 64 
2558351,65 121 
2558883,24 125 
2559250 137 
2559406,47 66 
2559653,75 144 
2559655,55 144 
2559657,59 144 
2560138,4 101 
2560139,56 100 
2560139,56 53 
2560175,91 1
2560175,91 2
2560175,91 2
2560175,91 60 
2560368,28 111 
2560505,36 114 
2560542,37 60 
2561438,12 111 
2561624,79 114 
2561659,71 60 
2562503,68 61 
2563454,77 63 
2563474,69 60 
2563795,62 111 
2564533,48 114 
2564574,45 60 
2564676,14 61 
2565692,3 62 
2566689,72 64 
2567070,87 121 
2567607,83 125 
2567881,06 137 
2568119,29 66 
2568369,91 144 
2568371,67 144 
2568373,06 144 
2568848,2 101 
2568849,42 100 
2568849,42 53 
2568889,59 2
2568889,59 2
2568889,59 2
2568889,59 60 
2572390,96 61 
2573404,3 62 
2582296,06 64 
2583413,07 252 
2583413,07 101 
2583414,85 100 
2583414,85 53 
2583435,14 2
2583435,14 2
2583435,14 2
2583435,14 60 
2585847,2 112 
2585928,16 114 
2585950,98 60 
2616169,81 61 
2617189,58 62 
2617899,3 64 
2618126,62 123 
2618653,05 125 
2618853,92 137 
2619170,3 66 
2619401,96 144 
2619403,73 144 
2619405,1 144 
2619881,22 101 
2619882,4 100 
2619882,4 53 
2619923,07 1
2619923,07 2
2619923,07 1
2619923,07 60 
2619959,51 61 
2620992,86 62 
2621445,47 64 
2621662,11 121 
2622223,27 125 
2622379,78 137 
2622735,88 65 
2622984,33 144 
2622986,13 144 
2622987,7 144 
2623463,78 101 
2623464,98 100 
2623464,98 53 
2623506 1
2623506 1
2623506 1
2623506 60 
2623863,9 61 
2624026,62 63 
2624038,35 60 
2624394,98 61 
2625406,52 62 
2625479,4 64 
2625735,8 121 
2626262,36 125 
2626389,58 137 
2626783,62 65 
2627033,15 144 
2627034,6 144 
2627036,27 144 
2627512,63 101 
2627513,91 100 
2627513,91 53 
2627553,56 1
2627553,56 2
2627553,56 2
2627553,56 60 
2627834,12 61 
2628852,68 62 
2628953,82 64 
2629299,55 121 
2629809,6 125 
2630138,2 137 
2630316,45 66 
2630548,35 144 
2630549,87 144 
2630551,25 144 
2631028,8 101 
2631031,01 100 
2631031,01 53 
2631069,32 1
2631069,32 1
2631069,32 2
2631069,32 60 
2631245,12 61 
2632252,67 62 
2632733,56 64 
2632990,03 121 
2633549,89 125 
2634046,49 137 
2634098,5 66 
2634297,97 144 
2634299,65 144 
2634302,23 144 
2634776,75 101 
2634778,07 100 
2634778,07 53 
2634818,12 1
2634818,12 2
2634818,12 2
2634818,12 60 
2634880,67 61 
2635900,53 62 
2636442,68 64 
2636757,53 121 
2637273,13 125 
2637649,52 137 
2637780,51 66 
2638029,88 144 
2638031,55 144 
2638032,71 144 
2638509,03 101 
2638510,28 100 
2638510,28 53 
2638549,94 1
2638549,94 2
2638549,94 2
2638549,94 60 
2638654,61 61 
2639665,95 62 
2640424,23 64 
2640674,12 122 
2641159,61 125 
2641439,96 137 
2641680,16 66 
2641928,21 144 
2641929,74 144 
2641930,81 144 
2642408,62 101 
2642409,81 100 
2642409,81 53 
2642448,67 2
2642448,67 2
2642448,67 2
2642448,67 60 
2642628,87 61 
2643649,44 62 
2645214,02 64 
2645473,22 122 
2646004,34 125 
2646262,88 137 
2646510,35 66 
2646760,43 144 
2646762,1 144 
2646764,14 144 
2647239,71 101 
2647240,91 100 
2647240,91 53 
2647280,56 1
2647280,56 2
2647280,56 2
2647280,56 60 
2647599,43 111 
2647889,31 114 
2647930,2 60 
2648044,19 61 
2649062,73 62 
2649301,65 64 
2649541,86 123 
2650083,94 125 
2650102,09 137 
2650594,1 65 
2650842,63 144 
2650844,23 144 
2650846,41 144 
2651321,07 101 
2651322,42 100 
2651322,42 53 
2651362,38 1
2651362,38 2
2651362,38 2
2651362,38 60 
2651830,47 61 
2652748,92 63 
2652761,85 60 
2653033,95 113 
2653195,28 114 
2653230,45 60 
2653425,94 61 
2654444,36 62 
2655025,66 64 
2655275,97 123 
2655789,08 125 
2656307,2 65 
2656340,16 137 
2656557,89 144 
2656559,44 144 
2656560,82 144 
2657036,36 101 
2657037,57 100 
2657037,57 53 
2657078,39 2
2657078,39 1
2657078,39 2
2657078,39 60 
2657600,53 61 
2658611,16 62 
2658657,07 64 
2658910,3 123 
2659433,72 125 
2659916,27 137 
2659972,18 66 
2660205,57 144 
2660207,12 144 
2660208,47 144 
2660685,19 101 
2660686,41 100 
2660686,41 53 
2660725,9 2
2660725,9 2
2660725,9 1
2660725,9 60 
2660770,34 112 
2661044,01 114 
2661092,62 60 
2661612,71 112 
2661695,69 114 
2661742,65 60 
2661791,07 61 
2662808,84 62 
2663203,93 64 
2663521,99 123 
2664031,52 125 
2664143,5 137 
2664540,26 66 
2664770,56 144 
2664771,96 144 
2664773 144 
2665250,55 101 
2665251,81 100 
2665251,81 53 
2665292,31 1
2665292,31 2
2665292,31 2
2665292,31 60 
2665318,99 61 
2666341,87 62 
2668277,13 64 
2668596,61 123 
2669128,28 125 
2669630,38 137 
2669684,43 65 
2669886,02 144 
2669887,58 144 
2669889 144 
2670364,61 101 
2670365,74 100 
2670365,74 53 
2670406,05 1
2670406,05 2
2670406,05 1
2670406,05 60 
2670855,87 61 
2671872,78 62 
2672291,64 64 
2672592,31 123 
2673112,28 125 
2673442,52 137 
2673635,92 65 
2673884,9 144 
2673886,48 144 
2673887,56 144 
2674364,24 101 
2674365,36 100 
2674365,36 53 
2674404,92 1
2674404,92 2
2674404,92 2
2674404,92 60 
2674878,12 61 
2675723,99 63 
2675738,59 60 
2676035,2 113 
2676241 114 
2676288,67 60 
2676494,85 61 
2677505,87 62 
2677878,01 64 
2678159,89 123 
2678688,61 125 
2679199,51 65 
2679201,83 137 
2679448,91 144 
2679450,21 144 
2679451,2 144 
2679556,95 143 
2679674,98 144 
2679676,63 144 
2679677,91 144 
2679928,82 101 
2679930,09 100 
2679930,09 53 
2679969,72 1
2679969,72 2
2679969,72 2
2679969,72 60 
2680314,11 61 
2681336,9 62 
2681495,05 64 
2681805,14 123 
2682339,74 125 
2682655,26 137 
2682850,63 65 
2683099,56 144 
2683101,95 144 
2683103,46 144 
2683578,15 101 
2683579,33 100 
2683579,33 53 
2683618,53 1
2683618,53 1
2683618,53 2
2683618,53 60 
2683947,15 61 
2684967,81 62 
2685077,96 64 
2685398,8 123 
2685923,36 125 
2686235,79 137 
2686431,27 65 
2686680,23 144 
2686681,81 144 
2686683,02 144 
2687160,25 101 
2687161,49 100 
2687161,49 53 
2687200,66 1
2687200,66 2
2687200,66 2
2687200,66 60 
2687482,6 61 
2688500,04 62 
2688910,1 64 
2689175,94 123 
2689715,98 125 
2690000,56 137 
2690229,14 65 
2690462,31 144 
2690463,94 144 
2690465,37 144 
2690942,59 101 
2690943,79 100 
2690943,79 53 
2690982,72 2
2690982,72 2
2690982,72 2
2690982,72 60 
2691238,58 61 
2692250,24 62 
2692677,49 64 
2692956,64 123 
2693473,33 125 
2693806,05 137 
2693995,23 66 
2694243,49 144 
2694245,16 144 
2694246,79 144 
2694724,17 101 
2694725,32 100 
2694725,32 53 
2694766,61 1
2694766,61 1
2694766,61 2
2694766,61 60 
2694864,27 61 
2695881,51 62 
2696097,08 64 
2704822,23 121 
2705075,45 124 
2707267,17 121 
2707338,29 124 
2717352,12 252 
2717352,12 101 
2717353,85 100 
2717353,85 53 
2717373,97 1
2717373,97 1
2717373,97 2
2717373,97 60 
2722004,39 61 
2723021,41 62 
2728819,46 64 
2733030,63 252 
2733030,63 101 
2733032,45 100 
2733032,45 53 
2733052,27 1
2733052,27 1
2733052,27 2
2733052,27 60 
2733058,18 61 
2733943,03 63 
2733951,68 60 
2734343,57 112 
2734423,3 114 
2734452,51 60 
2734706,69 61 
2735718,34 62 
2736136,31 64 
2736460,55 121 
2736990,31 125 
2737214,79 137 
2737499,19 66 
2737746,74 144 
2737748,47 144 
2737749,55 144 
2738226,79 101 
2738228,04 100 
2738228,04 53 
2738268,13 1
2738268,13 1
2738268,13 2
2738268,13 60 
2738392,44 61 
2739402,38 62 
2740783,82 64 
2741151,59 121 
2741701,19 125 
2741866,43 137 
2742213,33 66 
2742468,07 144 
2742470,47 144 
2742471,95 144 
2742941,03 101 
2742943,31 100 
2742943,31 53 
2742982,25 1
2742982,25 2
2742982,25 2
2742982,25 60 
2743113,07 61 
2744131,4 62 
2746309,6 64 
2746657,18 121 
2747224,84 124 
2750381,94 121 
2750902,14 125 
2751015,87 137 
2751409,19 66 
2751658,88 144 
2751660,38 144 
2751661,6 144 
2752138,73 101 
2752139,87 100 
2752139,87 53 
2752179,32 2
2752179,32 2
2752179,32 2
2752179,32 60 
2752215,5 61 
2753229,13 62 
2753911,43 64 
2754247,27 122 
2754769,27 125 
2754918,5 137 
2755291,25 66 
2755539,73 144 
2755541,42 144 
2755542,79 144 
2756020,87 101 
2756022,09 100 
2756022,09 53 
2756061,29 1
2756061,29 2
2756061,29 2
2756061,29 60 
2756128,94 61 
2757144,39 62 
2758398,98 64 
2758702,62 122 
2759233,59 125 
2759312,77 137 
2759739,83 66 
2759989,42 144 
2759991,43 144 
2759992,53 144 
2760468,29 101 
2760469,52 100 
2760469,52 53 
2760511,13 1
2760511,13 2
2760511,13 2
2760511,13 60 
2760870,67 61 
2761892,86 62 
2762323,66 64 
2762550,49 122 
2763095,52 125 
2763278,45 137 
2763604,79 66 
2763716,01 133 
2763798,8 137 
2763842,96 144 
2763844,37 144 
2764099,44 144 
2764318,28 101 
2764319,46 100 
2764319,46 53 
2764358,7 1
2764358,7 2
2764358,7 1
2764358,7 60 
2764394,71 61 
2765410,31 62 
2766207,67 64 
2766529,26 123 
2767060,97 125 
2767351,8 137 
2767570,64 65 
2767817,79 144 
2767820,67 144 
2767822,27 144 
2768298,97 101 
2768300,24 100 
2768300,24 53 
2768340,65 1
2768340,65 2
2768340,65 2
2768340,65 60 
2768457,45 113 
2768527,75 114 
2768557,9 60 
2768854,1 61 
2769873,18 62 
2770000,36 64 
2770252,39 123 
2770806,37 125 
2771141,21 137 
2771320,27 65 
2771569,73 144 
2771571,53 144 
2771573,07 144 
2772048,68 101 
2772049,85 100 
2772049,85 53 
2772089,44 1
2772089,44 2
2772089,44 1
2772089,44 60 
2772496,47 61 
2773506,45 62 
2773667,93 64 
2774004,38 123 
2774527,32 125 
2774970,19 137 
2775036,65 65 
2775284,26 144 
2775286,03 144 
2775287,21 144 
2775764,56 101 
2775765,83 100 
2775765,83 53 
2775821,38 1
2775821,38 2
2775821,38 1
2775821,38 60 
2776145,11 61 
2777155,99 62 
2777279,77 64 
2777563,36 123 
2778108,39 125 
2778360,71 137 
2778616,32 65 
2778850,15 144 
2778851,69 144 
2778852,69 144 
2779328,43 101 
2779329,66 100 
2779329,66 53 
2779370,39 1
2779370,39 2
2779370,39 2
2779370,39 60 
2780941,94 61 
2781953,05 62 
2784234,24 64 
2784494,3 123 
2785023,43 125 
2785414,31 137 
2785532,21 65 
2785782,23 144 
2785783,85 144 
2785785,11 144 
2786259,36 101 
2786260,49 100 
2786260,49 53 
2786301,2 1
2786301,2 2
2786301,2 2
2786301,2 60 
2786768,66 61 
2787677,01 63 
2787686,39 60 
2787950,67 113 
2788391,61 114 
2788433,89 60 
2788457,56 61 
2789328,26 63 
2789349,78 60 
2789643,04 113 
2789765,13 114 
2789800,21 60 
2789951,72 61 
2790965,81 62 
2791142,4 64 
2791402,82 123 
2791935,75 125 
2792372,14 137 
2792446,02 65 
2792695,42 144 
2792696,98 144 
2792698,27 144 
2793174,7 101 
2793175,88 100 
2793175,88 53 
2793215,76 2
2793215,76 2
2793215,76 2
2793215,76 60 
2793553,02 61 
2794566,19 62 
2794832,69 64 
2795049,35 123 
2795571,82 125 
2796095,89 66 
2796210,06 137 
2796342,33 144 
2796343,96 144 
2796345,52 144 
2796807,7 101 
2796808,89 100 
2796808,89 53 
2796847,85 1
2796847,85 2
2796847,85 2
2796847,85 60 
2796925,92 61 
2797946,49 62 
2799307,04 64 
2799530,35 123 
2800067,38 125 
2800489,77 137 
2800575,8 65 
2800841,84 144 
2800843,94 144 
2800845,1 144 
2801304,66 101 
2801305,8 100 
2801305,8 53 
2801346,24 1
2801346,24 1
2801346,24 1
2801346,24 60 
2801743,56 61 
2802761,62 62 
2802858,24 64 
2803194,16 123 
2803732,47 125 
2804243,72 65 
2804496,8 144 
2804498,4 144 
2804760,54 144 
2804970,53 101 
2804971,83 100 
2804971,83 53 
2805011,86 1
2805011,86 2
2805011,86 2
2805011,86 60 
2805303,51 61 
2806313,22 62 
2806632,1 64 
2806863,78 123 
2807385,38 125 
2807636,59 137 
2807907,1 65 
2808155,72 144 
2808158,19 144 
2808160,06 144 
2808637,19 101 
2808638,51 100 
2808638,51 53 
2808677,14 1
2808677,14 2
2808677,14 2
2808677,14 60 
2808987,78 61 
2810009,73 62 
2810238,1 64 
2810488,99 123 
2811015,44 125 
2811420,85 137 
2811523,71 65 
2811772,79 144 
2811774,3 144 
2811775,69 144 
2812252,5 101 
2812253,65 100 
2812253,65 53 
2812292,68 1
2812292,68 2
2812292,68 2
2812292,68 60 
2812509,21 61 
2813525,87 62 
2813729,31 64 
2814004,66 123 
2814537,56 125 
2815054,82 65 
2815309,46 144 
2815311,32 144 
2815711,56 144 
2815783,78 101 
2815784,92 100 
2815784,92 53 
2815825,04 2
2815825,04 1
2815825,04 2
2815825,04 60 
2816267,09 61 
2817277,8 62 
2818539,64 64 
2818772,32 123 
2819295,33 125 
2819804,07 66 
2819889,54 137 
2820053,85 144 
2820055,72 144 
2820057,09 144 
2820533,36 101 
2820534,51 100 
2820534,51 53 
2820573,45 2
2820573,45 2
2820573,45 2
2820573,45 60 
2820878,12 61 
2821889,84 62 
2827796,67 64 
2830503,53 121 
2830575,83 124 
2830802,55 121 
2831166,99 124 
2832489,78 122 
2832592,43 124 
2842594,2 252 
2842594,2 101 
2842596,02 100 
2842596,02 53 
2842617,05 2
2842617,05 2
2842617,05 2
2842617,05 60 
2875927,65 61 
2876938,12 62 
2884194,54 64 
2886946,25 252 
2886946,25 101 
2886948,15 100 
2886948,15 53 
2886968,3 2
2886968,3 2
2886968,3 2
2886968,3 60 
2896189,81 61 
2897200,56 62 
2898954,8 64 
2899220,41 121 
2899744,07 125 
2900259,79 66 
2900530,61 144 
2900532,57 144 
2901004,93 101 
2901006,06 100 
2901006,06 53 
2901030,37 1
2901030,37 1
2901030,37 1
2901030,37 60 
2901035,64 111 
2902256,11 114 
2902296,22 60 
2903561,65 61 
2904578,92 62 
2907257,61 64 
2907552,88 121 
2908057,35 125 
2908575,38 65 
2908650,24 137 
2908823,28 144 
2908824,85 144 
2908826,11 144 
2909303,31 101 
2909304,44 100 
2909304,44 53 
2909327,35 1
2909327,35 1
2909327,35 1
2909327,35 60 
2909737,79 61 
2910760,4 62 
2911161,68 64 
2911488,07 121 
2912042,35 125 
2912556,99 65 
2912810,06 144 
2912812,06 144 
2913096,14 144 
2913284,44 101 
2913285,62 100 
2913285,62 53 
2913309,39 2
2913309,39 1
2913309,39 2
2913309,39 60 
2913540,61 61 
2914559,68 62 
2914918,08 64 
2915189,94 121 
2915686,53 125 
2916205,53 66 
2916346,33 137 
2916438,07 144 
2916439,71 144 
2916441,17 144 
2916918,43 101 
2916919,67 100 
2916919,67 53 
2916942,93 2
2916942,93 1
2916942,93 2
2916942,93 60 
2917011,19 61 
2918024,14 62 
2918613,73 64 
2918972,28 121 
2919466,3 125 
2919849,72 137 
2919988,6 66 
2920205,97 101 
2920259,43 8
2920259,43 52 
2920298,28 100 
2920298,28 52 
2920324,09 1
2920324,09 2
2920324,09 2
2920324,09 60 
2920591,94 61 
2921606,74 62 
2923295,67 64 
2923581,86 123 
2924081,42 125 
2924350,47 137 
2924603,02 66 
2924834,54 144 
2924836,29 144 
2924837,48 144 
2925314,84 101 
2925316 100 
2925316 52 
2925338,77 2
2925338,77 2
2925338,77 2
2925338,77 60 
2925363,07 61 
2926390,1 62 
2929431,17 64 
2929689,51 121 
2930181,71 125 
2930700,08 66 
2930941,05 144 
2930943,35 144 
2931411,78 101 
2931413,78 100 
2931413,78 52 
2931436,97 1
2931436,97 2
2931436,97 2
2931436,97 60 
2931442,22 111 
2931482,29 114 
2931520,7 60 
2931828,69 61 
2932838,61 62 
2933735,72 64 
2934915,2 123 
2935411,03 125 
2935714,63 137 
2935933,22 66 
2936163,64 144 
2936165,08 144 
2936166,11 144 
2936643,77 101 
2936645,05 100 
2936645,05 52 
2936669,25 1
2936669,25 2
2936669,25 1
2936669,25 60 
2936771,25 61 
2937785,06 62 
2938748,09 64 
2939042,85 121 
2939544,64 125 
2940065,21 66 
2940317,27 144 
2940319,29 144 
2940461,81 144 
2940792,35 101 
2940793,5 100 
2940793,5 52 
2940817,12 1
2940817,12 2
2940817,12 2
2940817,12 60 
2941269,99 61 
2942283,28 62 
2942782,14 64 
2943049,92 121 
2943548,78 125 
2943936,17 137 
2944062,05 66 
2944295,1 144 
2944296,54 144 
2944298,38 144 
2944775,82 101 
2944777,06 100 
2944777,06 52 
2944799,24 1
2944799,24 1
2944799,24 2
2944799,24 60 
2944861,78 61 
2945882,06 62 
2952965,7 64 
2953282,77 121 
2953777,53 125 
2954291,83 65 
2954328,96 137 
2954526,02 144 
2954528,64 144 
2954530,54 144 
2955005,36 101 
2955006,51 100 
2955006,51 52 
2955029,22 2
2955029,22 2
2955029,22 2
2955029,22 60 
2955891,43 61 
2956332,7 63 
2956345,06 60 
2956614,59 61 
2957428,19 63 
2957444,82 60 
2957801,82 111 
2957940,21 114 
2957962,74 60 
2958128,96 61 
2959146,37 62 
2959591,28 64 
2959852,83 121 
2960368,26 125 
2960831,84 137 
2960892,53 66 
2961123,62 144 
2961125,5 144 
2961126,65 144 
2961603,23 101 
2961604,46 100 
2961604,46 52 
2961628,03 1
2961628,03 1
2961628,03 1
2961628,03 60 
2961782,32 61 
2962793,92 62 
2963692,19 64 
2963992,48 121 
2964497,68 125 
2964778,23 137 
2965006,65 65 
2965238,99 144 
2965240,67 144 
2965241,67 144 
2965716,93 101 
2965718,16 100 
2965718,16 52 
2965742,26 1
2965742,26 2
2965742,26 2
2965742,26 60 
2966143,25 61 
2967158,18 62 
2967373,98 64 
2967722,63 121 
2968217,38 125 
2968580,28 137 
2968737,52 66 
2968969,66 144 
2968971,27 144 
2968972,67 144 
2969449,6 101 
2969450,75 100 
2969450,75 52 
2969474,33 1
2969474,33 2
2969474,33 2
2969474,33 60 
2969565,64 61 
2970575,58 62 
2971131,85 64 
2971386,7 122 
2971882,78 125 
2972320,28 137 
2972404,11 65 
2972636,7 144 
2972638,42 144 
2972639,68 144 
2973115,66 101 
2973116,85 100 
2973116,85 52 
2973139,89 1
2973139,89 2
2973139,89 1
2973139,89 60 
2973565,75 61 
2974588,9 62 
2974646,39 64 
2974913,75 122 
2975414,61 125 
2975934,84 65 
2976068,32 137 
2976168,73 144 
2976170,12 144 
2976172,67 144 
2976248,51 143 
2976316,97 144 
2976318,53 144 
2976381,57 144 
2976647,12 101 
2976648,37 100 
2976648,37 52 
2976673,17 2
2976673,17 1
2976673,17 2
2976673,17 60 
2977043,86 61 
2978059,04 63 
2978071,41 60 
2978306,38 112 
2978641,41 114 
2978671,3 60 
2978839,62 61 
2979853,76 62 
2980107,49 64 
2980374,22 122 
2980879,86 125 
2981260,87 137 
2981401,46 66 
2981634,01 144 
2981635,78 144 
2981636,89 144 
2982111,73 101 
2982112,89 100 
2982112,89 52 
2982136,68 2
2982136,68 2
2982136,68 2
2982136,68 60 
2982339,45 61 
2983352,86 62 
2983969,94 64 
2984282,3 122 
2984793,85 125 
2985107,44 137 
2985315,37 66 
2985548,51 144 
2985550,16 144 
2985551,98 144 
2986028,6 101 
2986029,74 100 
2986029,74 52 
2986052,74 1
2986052,74 2
2986052,74 2
2986052,74 60 
2986079,11 61 
2987105,61 62 
2988058,07 64 
2988333,2 122 
2988826,37 125 
2989152,92 137 
2989347,11 65 
2989581,14 144 
2989582,72 144 
2989584,03 144 
2990059,03 101 
2990060,17 100 
2990060,17 52 
2990084,13 1
2990084,13 2
2990084,13 2
2990084,13 60 
2990394,47 61 
2991416,99 62 
2991648,08 64 
2991948,42 122 
2992445,59 125 
2992799,48 137 
2992962,86 65 
2993197,04 144 
2993198,64 144 
2993200,03 144 
2993388,08 143 
2993452,62 144 
2993454,27 144 
2993455,55 144 
2993674,5 101 
2993675,68 100 
2993675,68 52 
2993699,6 1
2993699,6 1
2993699,6 1
2993699,6 60 
2994082,39 61 
2995098,25 62 
2995263,56 64 
2995550,62 122 
2996048,89 125 
2996453,74 137 
2996561,26 65 
2996796,13 144 
2996797,93 144 
2996799,67 144 
2997273,58 101 
2997274,78 100 
2997274,78 52 
2997298,44 1
2997298,44 2
2997298,44 2
2997298,44 60 
2997628,76 61 
2998647,22 62 
2998869,9 64 
2999111,13 122 
2999636,48 125 
2999824,02 137 
3000144,89 65 
3000406,65 144 
3000408,87 144 
3000409,83 144 
3000873,63 101 
3000874,77 100 
3000874,77 52 
3000913,9 1
3000913,9 2
3000913,9 2
3000913,9 60 
3001211,09 61 
3002230,96 62 
3002485,48 64 
3002770,59 122 
3003315,8 125 
3003620,58 137 
3003826,98 65 
3004073,97 144 
3004075,91 144 
3004077,45 144 
3004312,36 143 
3004431,56 144 
3004433,31 144 
3004436,76 144 
3004555,39 101 
3004556,55 100 
3004556,55 52 
3004595,93 1
3004595,93 2
3004595,93 2
3004595,93 60 
3004863,56 61 
3005866,92 63 
3005879,32 60 
3006499,78 61 
3007511,87 62 
3011797,66 64 
3012045,13 122 
3012567,79 125 
3012718,35 137 
3013090,91 65 
3013355,76 144 
3013358,06 144 
3013359,69 144 
3013818,5 101 
3013819,72 100 
3013819,72 52 
3013859,59 2
3013859,59 2
3013859,59 1
3013859,59 60 
3014154,11 61 
3015078,98 63 
3015093,31 60 
3015597,65 61 
3016609,93 62 
3016857,49 64 
3017094,2 122 
3017616,09 125 
3017772,16 137 
3018139,13 66 
3018387,96 144 
3018389,34 144 
3018390,25 144 
3018866,26 101 
3018867,48 100 
3018867,48 52 
3018909,45 1
3018909,45 2
3018909,45 2
3018909,45 60 
3018949,46 61 
3019976,49 62 
3020510,01 64 
3020781,84 122 
3021299,65 125 
3021460,18 137 
3021819,91 65 
3022068,01 144 
3022070,36 144 
3022071,46 144 
3022550,57 101 
3022551,77 100 
3022551,77 52 
3022590,12 1
3022590,12 2
3022590,12 2
3022590,12 60 
3022976,84 61 
3023901,18 63 
3023922,78 60 
3024382,67 61 
3025405,89 62 
3025538,84 64 
3025784,4 122 
3026312,05 125 
3026527,49 137 
3026820,53 65 
3027067,45 144 
3027069,18 144 
3027070,25 144 
3027547,85 101 
3027549,16 100 
3027549,16 52 
3027589,73 1
3027589,73 2
3027589,73 2
3027589,73 60 
3027935,3 61 
3028953,65 62 
3029251,63 64 
3029476,03 122 
3030034,5 125 
3030077,39 137 
3030551,21 65 
3030799,64 144 
3030801,53 144 
3030802,74 144 
3031278,86 101 
3031280 100 
3031280 52 
3031321,62 1
3031321,62 2
3031321,62 2
3031321,62 60 
3031485,69 61 
3032503,35 62 
3032777,89 64 
3033036,49 122 
3033585,95 125 
3033775,64 137 
3034101,24 65 
3034347,02 144 
3034348,48 144 
3034349,49 144 
3034829,33 101 
3034830,49 100 
3034830,49 52 
3034869,43 2
3034869,43 1
3034869,43 1
3034869,43 60 
3035291,7 61 
3036302,66 62 
3036500,91 64 
3036863 122 
3037390,63 125 
3037437,2 137 
3037898,48 66 
3038146,88 144 
3038148,27 144 
3038149,28 144 
3038626,55 101 
3038627,82 100 
3038627,82 52 
3038668,1 1
3038668,1 2
3038668,1 2
3038668,1 60 
3038784,32 61 
3039802,08 62 
3040293,17 64 
3040580,47 122 
3041107,15 125 
3041289,37 137 
3041615,57 65 
3041872,67 144 
3041874,63 144 
3041875,72 144 
3042343,08 101 
3042344,27 100 
3042344,27 52 
3042383,53 1
3042383,53 1
3042383,53 2
3042383,53 60 
3042724,48 61 
3043736,98 62 
3044216,33 64 
3044490,44 122 
3045009,8 125 
3045407,61 137 
3045530,04 65 
3045792,77 144 
3045793,99 144 
3045795,53 144 
3046258,24 101 
3046259,38 100 
3046259,38 52 
3046299 2
3046299 2
3046299 2
3046299 60 
3046622,2 61 
3047632,89 62 
3047841,46 64 
3048103,75 122 
3048631,93 125 
3048936,6 137 
3049144,62 66 
3049395,28 144 
3049396,91 144 
3049398,95 144 
3049874,38 101 
3049875,54 100 
3049875,54 52 
3049914,41 1
3049914,41 2
3049914,41 2
3049914,41 60 
3051956,33 61 
3052965,05 62 
3053650,36 64 
3053968,31 122 
3054488,63 125 
3054812,86 137 
3055008,76 65 
3055258,29 144 
3055259,71 144 
3055260,92 144 
3055738,69 101 
3055739,87 100 
3055739,87 52 
3055779,4 1
3055779,4 1
3055779,4 2
3055779,4 60 
3056298,32 61 
3057311,19 62 
3057556,03 64 
3057823 122 
3058351,21 125 
3058548,89 137 
3058858,36 65 
3059107,32 144 
3059108,85 144 
3059110,03 144 
3059586,9 101 
3059588,07 100 
3059588,07 52 
3059628,09 1
3059628,09 2
3059628,09 2
3059628,09 60 
3060039,84 61 
3061059,92 62 
3061315,37 64 
3061594,1 122 
3062116,52 125 
3062535,02 137 
3062626,08 65 
3062871,61 144 
3062873,02 144 
3062874,3 144 
3063352,12 101 
3063353,32 100 
3063353,32 52 
3063393,44 1
3063393,44 2
3063393,44 2
3063393,44 60 
3063772,84 61 
3064770,09 63 
3064792,7 60 
3065208,06 112 
3065331,57 114 
3065375,78 60 
3065523,65 61 
3066541,64 62 
3066918,28 64 
3067222,58 122 
3067775,09 125 
3067945,05 137 
3068289,72 65 
3068538,22 144 
3068539,71 144 
3068540,91 144 
3069016,26 101 
3069017,61 100 
3069017,61 52 
3069058,47 1
3069058,47 2
3069058,47 2
3069058,47 60 
3069301 61 
3070324,43 62 
3070913,79 64 
3071144,4 122 
3071663,54 125 
3071848,29 137 
3072170,28 65 
3072421,43 144 
3072423 144 
3072425,72 144 
3072899,84 101 
3072901,03 100 
3072901,03 52 
3072940,2 1
3072940,2 2
3072940,2 1
3072940,2 60 
3073399,81 61 
3074196,09 63 
3074207,28 60 
3074469,09 112 
3074550,51 114 
3074606,06 60 
3074717,09 61 
3075739,54 62 
3076095,79 64 
3076395,41 122 
3076913,87 125 
3077005,04 137 
3077435,78 65 
3077684,97 144 
3077686,57 144 
3077687,91 144 
3078165,12 101 
3078166,33 100 
3078166,33 52 
3078221,84 1
3078221,84 2
3078221,84 2
3078221,84 60 
3078517,25 61 
3079536,88 62 
3079799,86 64 
3080083,32 122 
3080617,88 124 
3082057,61 121 
3082356,08 124 
3092362,1 252 
3092362,1 101 
3092364,01 100 
3092364,01 52 
3092384,05 1
3092384,05 2
3092384,05 2
3092384,05 60 
3095744,89 61 
3095803,76 63 
3095815,84 60 
3095847,28 61 
3095931,59 63 
3095950,38 60 
3097079,68 61 
3097312,38 63 
3097333,18 60 
3110518,9 61 
3110923,44 63 
3110944,42 60 
3111653,97 111 
3112098,21 114 
3112143,88 60 
3121956,24 61 
3122972,39 62 
3123889,44 64 
3124281,78 121 
3124812,3 125 
3125103,88 137 
3125321,37 66 
3125569,55 144 
3125571,03 144 
3125572,11 144 
3129861,03 101 
3129862,53 100 
3129862,53 52 
3129921,47 1
3129921,47 1
3129921,47 1
3129921,47 60 
3130254,55 61 
3131270,47 62 
3131449,07 64 
3131678,21 123 
3132193,51 125 
3132427,9 137 
3132700,37 65 
3132949,81 144 
3132951,57 144 
3132952,97 144 
3133430,19 101 
3133431,4 100 
3133431,4 52 
3133470,35 1
3133470,35 1
3133470,35 2
3133470,35 60 
3133759,52 61 
3133863,79 63 
3133886,57 60 
3134261,71 61 
3135272,35 62 
3135298,96 64 
3135535,88 123 
3136059,42 125 
3136238,63 137 
3136566,42 66 
3136815,82 144 
3136817,83 144 
3136819,2 144 
3137294,49 101 
3137295,62 100 
3137295,62 52 
3137335,73 2
3137335,73 2
3137335,73 2
3137335,73 60 
3137593,24 111 
3137848,57 114 
3137885,33 60 
3137936,55 61 
3138951,21 62 
3139603,66 64 
3139930,2 121 
3140497,51 125 
3140584,28 137 
3141015,64 66 
3141264,18 144 
3141265,65 144 
3141266,95 144 
3141744,24 101 
3141745,44 100 
3141745,44 52 
3141784,34 2
3141784,34 1
3141784,34 2
3141784,34 60 
3141826,85 61 
3142834,85 62 
3143549,89 64 
3143798,69 123 
3144322,18 125 
3144560,16 137 
3144831,75 66 
3145078,77 144 
3145080,27 144 
3145083,3 144 
3148034,98 101 
3148036,45 100 
3148036,45 52 
3148083,21 1
3148083,21 1
3148083,21 1
3148083,21 60 
3148291,17 112 
3149190,57 114 
3149231,62 60 
3149546,48 61 
3150564,1 62 
3154441,91 64 
3154676,11 122 
3155202,32 125 
3155442,88 137 
3155710,86 65 
3155945,1 101 
3156015,13 8
3156015,13 51 
3156081,58 100 
3156081,58 51 
3156096,32 1
3156096,32 2
3156096,32 2
3156096,32 60 
3157018,81 61 
3158030,41 62 
3158330,67 64 
3158628,48 122 
3159151,65 124 
3159269,95 123 
3159802,17 125 
3160045,19 137 
3160324,59 66 
3160572,93 144 
3160574,51 144 
3160577,05 144 
3161978,93 101 
3161980,41 100 
3161980,41 51 
3162027,43 2
3162027,43 2
3162027,43 2
3162027,43 60 
3162232,61 112 
3163170,37 114 
3163210,38 60 
3163410,09 61 
3164425,95 62 
3165368,71 64 
3165664,13 122 
3166185,57 125 
3166405,27 137 
3166705,98 66 
3166955,96 144 
3166959,35 144 
3166960,93 144 
3167434,89 101 
3167436,11 100 
3167436,11 51 
3167475,58 1
3167475,58 2
3167475,58 1
3167475,58 60 
3167520,42 61 
3168542,19 62 
3169132,54 64 
3169409,91 123 
3169931,29 125 
3170454,31 66 
3170711,36 144 
3170713,52 144 
3171184,61 101 
3171185,86 100 
3171185,86 51 
3171207,81 1
3171207,81 2
3171207,81 2
3171207,81 60 
3171212,94 113 
3171263,2 114 
3171293,26 60 
3171737,84 61 
3172756,47 62 
3174441,41 64 
3174723,28 123 
3175246,12 125 
3175521,86 137 
3175769,51 66 
3176016,55 144 
3176018,16 144 
3176019,4 144 
3179014,58 101 
3179016,12 100 
3179016,12 51 
3179055,23 1
3179055,23 2
3179055,23 2
3179055,23 60 
3179271,01 112 
3179727,02 114 
3179771,54 60 
3179935,6 61 
3180953,94 62 
3181630,97 64 
3181886,92 123 
3182409,23 125 
3182665,09 137 
3182917,03 66 
3183165,43 144 
3183167,39 144 
3183168,77 144 
3183373,71 143 
3183460,15 144 
3183462,21 144 
3183463,64 144 
3183645,29 101 
3183646,51 100 
3183646,51 51 
3183687,09 1
3183687,09 1
3183687,09 2
3183687,09 60 
3183726,79 61 
3184755,53 62 
3185798,49 64 
3186113,62 122 
3186642,36 125 
3187150,24 66 
3187418,12 144 
3187420,01 144 
3187829,42 144 
3187877,03 101 
3187878,36 100 
3187878,36 51 
3187919,03 1
3187919,03 1
3187919,03 2
3187919,03 60 
3188300,33 61 
3189317,89 62 
3189729,88 64 
3189975,58 123 
3190493,47 125 
3190771,29 137 
3191014,63 65 
3191263,58 144 
3191265,53 144 
3191266,8 144 
3191743,45 101 
3191744,62 100 
3191744,62 51 
3191785,42 2
3191785,42 2
3191785,42 2
3191785,42 60 
3192281,99 61 
3193300,48 62 
3194292,06 64 
3194515,52 123 
3195038,45 125 
3195371,52 137 
3195546,3 66 
3195810,1 144 
3195812,08 144 
3195813,34 144 
3198333,33 101 
3198334,52 100 
3198334,52 51 
3198382,14 1
3198382,14 2
3198382,14 1
3198382,14 60 
3198586,54 112 
3199663,71 114 
3199716,36 60 
3200362,45 61 
3201382,1 62 
3201894,33 64 
3202340,85 123 
3202871,31 125 
3203219,35 137 
3203393,42 66 
3203641,96 144 
3203643,51 144 
3203645,85 144 
3204123,49 101 
3204124,67 100 
3204124,67 51 
3204163,58 1
3204163,58 2
3204163,58 2
3204163,58 60 
3204299,85 61 
3205048,76 63 
3205064,17 60 
3206934,05 111 
3207002,18 114 
3207031,88 60 
3208488,62 61 
3209512,26 62 
3211624,16 64 
3211905,88 121 
3212433,9 125 
3212689,35 137 
3212941,07 65 
3213190,79 144 
3213192,45 144 
3213195,74 144 
3213668,67 101 
3213669,83 100 
3213669,83 51 
3213728,04 1
3213728,04 2
3213728,04 2
3213728,04 60 
3214206,89 61 
3215225,57 62 
3215512,55 64 
3215825,55 121 
3216386,67 125 
3216469,69 137 
3216907,73 65 
3217153,65 144 
3217155,63 144 
3217157,47 144 
3217634,61 101 
3217635,76 100 
3217635,76 51 
3217675,82 1
3217675,82 1
3217675,82 2
3217675,82 60 
3217974,44 61 
3218992,42 62 
3220389,56 64 
3220781,11 121 
3221298,62 125 
3221494,06 137 
3221822,12 65 
3222069,68 144 
3222071,11 144 
3222072,07 144 
3222550,78 101 
3222552,01 100 
3222552,01 51 
3222590,84 2
3222590,84 2
3222590,84 1
3222590,84 60 
3222873,05 61 
3223890,92 62 
3224148,98 64 
3224424,76 121 
3224981,48 125 
3225127,53 137 
3225504,39 66 
3225751,21 144 
3225753,67 144 
3225755,01 144 
3227877,2 101 
3227878,76 100 
3227878,76 51 
3227922,37 1
3227922,37 2
3227922,37 2
3227922,37 60 
3228112,24 111 
3229216,39 114 
3229255,13 60 
3229331,95 61 
3230354,33 62 
3232428,26 64 
3232675,38 121 
3233193,82 125 
3233618,14 137 
3233720,37 65 
3233969,41 144 
3233970,83 144 
3233972,1 144 
3234445,81 101 
3234447,01 100 
3234447,01 51 
3234488,05 1
3234488,05 2
3234488,05 2
3234488,05 60 
3234948,22 61 
3235905,06 63 
3235920,67 60 
3236237,41 111 
3236615,53 114 
3236669,73 60 
3236785,2 61 
3237802,5 62 
3238130,33 64 
3238380,81 121 
3238910,39 125 
3239153,11 137 
3239433,33 65 
3239683,79 144 
3239685,38 144 
3239686,71 144 
3240160,09 101 
3240161,25 100 
3240161,25 51 
3240202,64 1
3240202,64 1
3240202,64 1
3240202,64 60 
3240467,85 61 
3241484,12 62 
3241692,59 64 
3242000,9 121 
3242547,05 125 
3242577,41 137 
3243064,3 65 
3243317,62 144 
3243319,51 144 
3243320,74 144 
3243791,96 101 
3243793,15 100 
3243793,15 51 
3243833,85 1
3243833,85 2
3243833,85 2
3243833,85 60 
3244068,73 61 
3245082,61 62 
3245297,33 64 
3245625,55 121 
3246157,75 125 
3246478,43 137 
3246678,97 65 
3246938,08 144 
3246940,13 144 
3246942,21 144 
3247408,27 101 
3247409,52 100 
3247409,52 51 
3247450,57 1
3247450,57 2
3247450,57 2
3247450,57 60 
3248100 61 
3249060,2 63 
3249082,02 60 
3249348,47 111 
3249803,72 114 
3249848,62 60 
3250144,48 61 
3251164,5 62 
3251597,34 64 
3251811,43 121 
3252370,28 125 
3252733,95 137 
3252879,28 65 
3253131,5 144 
3253133,73 144 
3253135 144 
3253606,12 101 
3253607,36 100 
3253607,36 51 
3253648,33 2
3253648,33 2
3253648,33 2
3253648,33 60 
3254003,09 61 
3255016,12 62 
3255078,62 64 
3255393,37 121 
3255942,63 125 
3256185,66 137 
3256459,81 66 
3256712,19 144 
3256713,78 144 
3256715,08 144 
3258628,03 101 
3258629,52 100 
3258629,52 51 
3258678,95 2
3258678,95 2
3258678,95 1
3258678,95 60 
3258864,53 111 
3259289,55 114 
3259328,82 60 
3259868,87 111 
3259965,02 114 
3260014,36 60 
3260147,98 61 
3261161,19 62 
3262070,19 64 
3262341,07 121 
3262867,58 125 
3263148,71 137 
3263391,75 66 
3263643,19 144 
3263644,84 144 
3263646,05 144 
3264120 101 
3264121,2 100 
3264121,2 51 
3264160,61 1
3264160,61 1
3264160,61 2
3264160,61 60 
3264193,21 61 
3265210,77 62 
3266881,53 64 
3267129,49 121 
3267654,11 125 
3267812,29 137 
3268174,68 65 
3268424,97 144 
3268426,41 144 
3268427,68 144 
3268900,72 101 
3268901,96 100 
3268901,96 51 
3268943,35 1
3268943,35 2
3268943,35 2
3268943,35 60 
3269355,73 61 
3270351,11 63 
3270359,58 60 
3270657,99 111 
3271098,84 114 
3271142,37 60 
3271613,26 61 
3272624,5 62 
3273073,96 64 
3273326,36 121 
3273855,13 125 
3274004,03 137 
3274371,75 65 
3274621,74 144 
3274623,29 144 
3274624,31 144 
3275099,63 101 
3275100,81 100 
3275100,81 51 
3275140,37 1
3275140,37 2
3275140,37 2
3275140,37 60 
3275672,9 61 
3276550,69 63 
3276572,88 60 
3276832,2 111 
3277523,33 114 
3277559,39 60 
3277693,55 61 
3278706,36 62 
3279004,19 64 
3279239,52 121 
3279762,13 125 
3280096,46 137 
3280270,04 65 
3280520,03 144 
3280521,66 144 
3280523,1 144 
3280998,16 101 
3280999,38 100 
3280999,38 51 
3281038,28 1
3281038,28 2
3281038,28 2
3281038,28 60 
3281396,85 61 
3282420,35 62 
3282487,28 64 
3282864,74 121 
3283394,42 125 
3283539,91 137 
3283918,92 65 
3284171,65 144 
3284173,52 144 
3284175,16 144 
3284645,75 101 
3284646,96 100 
3284646,96 51 
3284687,03 1
3284687,03 2
3284687,03 2
3284687,03 60 
3285082,67 61 
3286040,52 63 
3286054,05 60 
3286447,08 111 
3286591,51 114 
3286637,4 60 
3286759,9 61 
3287770,9 62 
3288237,58 64 
3288487,94 121 
3289032,4 125 
3289327,77 137 
3289548,74 65 
3289801,22 144 
3289802,77 144 
3289804,21 144 
3290277,79 101 
3290278,99 100 
3290278,99 51 
3290318,51 2
3290318,51 2
3290318,51 1
3290318,51 60 
3290761,46 61 
3291783,62 62 
3292277,95 64 
3292512,3 121 
3293071,61 125 
3293327,84 137 
3293582,31 66 
3293842,32 144 
3293844,39 144 
3293845,64 144 
3295980,87 101 
3295982,42 100 
3295982,42 51 
3296017,33 1
3296017,33 1
3296017,33 2
3296017,33 60 
3296266,6 111 
3298526,69 114 
3298565,64 60 
3298723,16 61 
3299735,36 62 
3301408,91 64 
3301725,85 121 
3302288,58 125 
3302604,71 137 
3302811,66 65 
3303063,02 144 
3303064,42 144 
3303065,64 144 
3303540,52 101 
3303541,82 100 
3303541,82 51 
3303580,9 1
3303580,9 2
3303580,9 2
3303580,9 60 
3304002,46 61 
3305015,32 62 
3305523,84 64 
3305764,83 121 
3306309,37 125 
3306703,02 137 
3306826,06 65 
3307077,46 144 
3307079,18 144 
3307080,76 144 
3307554,21 101 
3307555,36 100 
3307555,36 51 
3307596,52 1
3307596,52 2
3307596,52 1
3307596,52 60 
3307956,41 61 
3308979,76 62 
3309019,19 64 
3309370,7 121 
3309925,3 125 
3310079,76 137 
3310442 65 
3310693,89 144 
3310695,77 144 
3310696,82 144 
3311170,96 101 
3311172,25 100 
3311172,25 51 
3311211,69 1
3311211,69 2
3311211,69 2
3311211,69 60 
3311519,49 61 
3312530,94 62 
3312865,68 64 
3313151,64 121 
3313669,95 125 
3313851,38 137 
3314191,03 65 
3314444,85 144 
3314446,71 144 
3314448,06 144 
3314918,6 101 
3314919,79 100 
3314919,79 51 
3314960,39 2
3314960,39 2
3314960,39 2
3314960,39 60 
3315219,63 61 
3316228,95 62 
3316276,2 64 
3316612,28 121 
3317136,4 125 
3317313,99 137 
3317655,71 66 
3317909,09 144 
3317910,7 144 
3317911,87 144 
3323462,96 101 
3323464,46 100 
3323464,46 51 
3323507,69 1
3323507,69 2
3323507,69 2
3323507,69 60 
3323717,18 111 
3324544,41 114 
3324590,46 60 
3324680,06 61 
3325692,78 62 
3326300,72 64 
3326589,49 121 
3327143,34 125 
3327497,46 137 
3327653,73 65 
3327922,71 144 
3327924,16 144 
3327927,63 144 
3328398,06 101 
3328399,32 100 
3328399,32 51 
3328439,27 1
3328439,27 1
3328439,27 2
3328439,27 60 
3328887,87 61 
3329905,22 62 
3330095,42 64 
3330431,85 121 
3330979,29 125 
3331472,49 137 
3331539,08 65 
3331754,74 144 
3331756,23 144 
3331757,86 144 
3332230,81 101 
3332232,04 100 
3332232,04 51 
3332271,43 1
3332271,43 2
3332271,43 2
3332271,43 60 
3332605,59 61 
3333620,22 62 
3333840,23 64 
3334107,66 121 
3334635,42 125 
3334739,46 137 
3335150,28 65 
3335403,75 144 
3335405,35 144 
3335406,46 144 
3335878,34 101 
3335879,56 100 
3335879,56 51 
3335920,22 1
3335920,22 2
3335920,22 2
3335920,22 60 
3336297,79 61 
3337319,68 62 
3337523,4 64 
3337823,96 121 
3338380,01 125 
3338780,07 137 
3338900,87 65 
3339152,71 144 
3339154,26 144 
3339155,53 144 
3339627,75 101 
3339628,97 100 
3339628,97 51 
3339669,92 1
3339669,92 2
3339669,92 2
3339669,92 60 
3340008,61 61 
3341002,21 63 
3341019,3 60 
3341328,24 111 
3341699,92 114 
3341736,93 60 
3341828,95 61 
3342850,8 62 
3343093,5 64 
3343359,17 121 
3343916,24 125 
3344099,53 137 
3344430,08 65 
3344683,3 144 
3344685,11 144 
3344686,35 144 
3345159,45 101 
3345160,6 100 
3345160,6 51 
3345200,43 1
3345200,43 2
3345200,43 2
3345200,43 60 
3345582,27 61 
3346600,15 62 
3347357,26 64 
3347595,89 121 
3348126,29 125 
3348486,92 137 
3348646,91 65 
3348901,71 144 
3348903,32 144 
3348904,74 144 
3349061,09 143 
3349181,57 144 
3349186,18 144 
3349187,48 144 
3349375,31 101 
3349376,48 100 
3349376,48 51 
3349415,81 2
3349415,81 2
3349415,81 2
3349415,81 60 
3349755,84 61 
3350766,68 62 
3350988,1 64 
3351239,23 121 
3351807,6 125 
3351862,87 137 
3352328,65 66 
3352580,17 144 
3352582,04 144 
3352583,27 144 
3354261,13 101 
3354262,5 100 
3354262,5 51 
3354314,17 2
3354314,17 1
3354314,17 2
3354314,17 60 
3354544,21 111 
3354704,99 114 
3354747,19 60 
3355826,88 111 
3356091,96 114 
3356130,33 60 
3356482,45 61 
3357496,18 62 
3357879,39 64 
3358094,31 121 
3358655,74 125 
3359001,59 137 
3359176,89 66 
3359427,96 144 
3359429,94 144 
3359431,03 144 
3362649,22 101 
3362650,59 100 
3362650,59 51 
3362694,65 1
3362694,65 1
3362694,65 2
3362694,65 60 
3362878,15 111 
3363949,38 114 
3363994,39 60 
3364377,09 61 
3365392,92 62 
3365805,88 64 
3366083,44 123 
3366632,97 125 
3366757,46 137 
3367156,95 65 
3367407,94 144 
3367409,85 144 
3367410,99 144 
3367885,68 101 
3367886,94 100 
3367886,94 51 
3367926,3 2
3367926,3 1
3367926,3 2
3367926,3 60 
3368396,15 61 
3369409,48 62 
3369442,83 64 
3369729,94 123 
3370269,37 125 
3370542,09 137 
3370790,35 65 
3371024,35 101 
3371083,97 8
3371083,97 53 
3371143,92 100 
3371143,92 53 
3371160,77 1
3371160,77 2
3371160,77 2
3371160,77 60 
3372299,43 61 
3373108,18 63 
3373125,41 60 
3373393,98 113 
3373559,78 114 
3373607,67 60 
3373838,07 61 
3374856,51 62 
3375081,87 64 
3375315,87 123 
3375848,25 125 
3376057,83 137 
3376370,75 65 
3376620,74 144 
3376622,42 144 
3376623,95 144 
3377098,5 101 
3377100,63 100 
3377100,63 53 
3377139,9 1
3377139,9 2
3377139,9 2
3377139,9 60 
3377549,95 61 
3378571,85 62 
3378868,88 64 
3379112,41 123 
3379667,61 125 
3379937,84 137 
3380187,54 65 
3380437,21 144 
3380438,68 144 
3380439,95 144 
3380703,74 143 
3380795,3 144 
3380796,93 144 
3380800,61 144 
3380914,36 101 
3380915,52 100 
3380915,52 53 
3380955,48 1
3380955,48 2
3380955,48 1
3380955,48 60 
3381384,06 61 
3382404,85 62 
3382504,3 64 
3382799,32 123 
3383363,24 125 
3383621,56 137 
3383885,58 65 
3384134,31 144 
3384135,89 144 
3384139,07 144 
3384614,65 101 
3384615,84 100 
3384615,84 53 
3384654,16 1
3384654,16 1
3384654,16 1
3384654,16 60 
3384941,37 61 
3385954,38 62 
3386004,79 64 
3386250,81 123 
3386784,91 125 
3387301,23 65 
3387561,75 144 
3387563,4 144 
3387928,87 144 
3388029,52 101 
3388030,73 100 
3388030,73 53 
3388071,48 2
3388071,48 2
3388071,48 2
3388071,48 60 
3388292,3 61 
3389303,62 62 
3389544,57 64 
3389802,93 123 
3390327,82 125 
3390603,26 137 
3390848,96 66 
3391100,36 144 
3391101,96 144 
3391103,66 144 
3393996,93 101 
3393998,61 100 
3393998,61 53 
3394034,77 2
3394034,77 1
3394034,77 2
3394034,77 60 
3394441,54 113 
3394743,67 114 
3394784,02 60 
3395043,66 61 
3396068,03 62 
3396877,44 64 
3397143,61 123 
3397689,76 125 
3398213,03 66 
3398467,39 144 
3398469,14 144 
3398941,15 101 
3398942,32 100 
3398942,32 53 
3398966,32 1
3398966,32 2
3398966,32 2
3398966,32 60 
3398971,88 113 
3399028,91 114 
3399054,83 60 
3399188,34 61 
3400200,49 62 
3401067,74 64 
3401329,52 123 
3401869,91 125 
3402081,87 137 
3402377,51 65 
3402630,51 144 
3402632,18 144 
3402633,36 144 
3403106,69 101 
3403107,85 100 
3403107,85 53 
3403148,09 1
3403148,09 2
3403148,09 2
3403148,09 60 
3403670,34 61 
3404683,62 62 
3405099,45 64 
3405353,48 123 
3405880,34 125 
3406105,99 137 
3406394,82 65 
3406645,79 144 
3406647,84 144 
3406649,29 144 
3407122,92 101 
3407124,07 100 
3407124,07 53 
3407163,32 1
3407163,32 2
3407163,32 2
3407163,32 60 
3407676,33 61 
3408482,93 63 
3408496,15 60 
3409086,2 61 
3410097,44 62 
3410450,84 64 
3410645,17 123 
3411175,45 125 
3411512,1 137 
3411693,06 65 
3411944,3 144 
3411945,86 144 
3411950,12 144 
3412421,58 101 
3412422,77 100 
3412422,77 53 
3412461,65 1
3412461,65 2
3412461,65 2
3412461,65 60 
3412895,61 61 
3413910,85 62 
3414227,28 64 
3414446,26 123 
3414975,47 125 
3415410,27 137 
3415495,89 65 
3415742,68 144 
3415744,34 144 
3415745,69 144 
3415942,52 143 
3416035,9 144 
3416037,54 144 
3416039,22 144 
3416219,67 101 
3416220,8 100 
3416220,8 53 
3416260,49 1
3416260,49 2
3416260,49 2
3416260,49 60 
3416669,91 61 
3417693,58 62 
3417793,92 64 
3418053,55 123 
3418585,12 125 
3418804,91 137 
3419106,2 65 
3419358,9 144 
3419360,55 144 
3419361,86 144 
3419835,06 101 
3419836,23 100 
3419836,23 53 
3419875,73 1
3419875,73 2
3419875,73 2
3419875,73 60 
3420344,67 61 
3421358,58 62 
3421577,34 64 
3421854,46 123 
3422403,37 125 
3422760,18 137 
3422922,92 65 
3423173,49 144 
3423175,16 144 
3423176,43 144 
3423649,62 101 
3423650,81 100 
3423650,81 53 
3423691,39 1
3423691,39 2
3423691,39 2
3423691,39 60 
3424169,92 61 
3425189,82 62 
3426001,59 64 
3431645,62 123 
3432179,86 125 
3432239,95 137 
3432702,01 65 
3432954,1 144 
3432956,1 144 
3432957,75 144 
3432973 101 
3432990,05 102 
3435299,86 67 
3439804,97 67 
3441383,43 67 
3443259,56 67 
3445343,4 67 
3447630,01 67 
3449371,78 67 
3451547,49 67 
3455828,21 67 
3457901,17 67 
3460417,58 67 
3464361,6 67 
3466337,99 67 
3469165,98 67 
3472080,78 67 
3473739,23 67 
3474793,68 67 
3476984,44 67 
3479181,8 67 
3480719,62 67 
3483025,12 67 
3484829,53 67 
3486352,4 67 
3487814,16 67 
3489611,15 67 
3491515,88 67 
